Workbook

Sheet Raw OI Data
A1: NSE FAO — Raw OI Data
A2: Date | B2: Participant | C2: Fut Idx Long | D2: Fut Idx Short | E2: Fut Stk Long | F2: Fut Stk Short | G2: Opt Idx Call Long | H2: Opt Idx Put Long | I2: Opt Idx Call Short | J2: Opt Idx Put Short | K2: Opt Stk Call Long | L2: Opt Stk Put Long | M2: Opt Stk Call Short | N2: Opt Stk Put Short | O2: Total Long | P2: Total Short
A3: Jul 06 2026 | B3: Client | C3: 232341 | D3: 67709 | E3: 3179272 | F3: 234871 | G3: 2801650 | H3: 3400685 | I3: 2754218 | J3: 3913827 | K3: 1634622 | L3: 648181 | M3: 1038830 | N3: 897275 | O3: 11896752 | P3: 8906730
A4: Jul 06 2026 | B4: DII | C4: 77668 | D4: 11572 | E4: 287044 | F4: 4297008 | G4: 4195 | H4: 26015 | I4: 800 | J4: 1779 | K4: 359 | L4: 35410 | M4: 238644 | N4: 6859 | O4: 430691 | P4: 4556662
A5: Jul 06 2026 | B5: FII | C5: 32686 | D5: 273965 | E5: 3856372 | F5: 3284328 | G5: 481814 | H5: 973972 | I5: 670467 | J5: 516945 | K5: 151938 | L5: 214429 | M5: 239161 | N5: 151451 | O5: 5711211 | P5: 5136316
A6: Jul 06 2026 | B6: Pro | C6: 42645 | D6: 32094 | E6: 864025 | F6: 370506 | G6: 962571 | H6: 1246877 | I6: 824746 | J6: 1214999 | K6: 869717 | L6: 869926 | M6: 1140001 | N6: 712361 | O6: 4855761 | P6: 4294706
A7: Jul 07 2026 | B7: Client | C7: 228252 | D7: 64093 | E7: 3162432 | F7: 246922 | G7: 1803242 | H7: 1500941 | I7: 1631914 | J7: 2015837 | K7: 1779543 | L7: 675542 | M7: 1083796 | N7: 940303 | O7: 9149952 | P7: 5982864
A8: Jul 07 2026 | B8: DII | C8: 80816 | D8: 11572 | E8: 287662 | F8: 4279786 | G8: 5290 | H8: 26027 | I8: 90 | J8: 229 | K8: 434 | L8: 35491 | M8: 283816 | N8: 8721 | O8: 435720 | P8: 4584214
A9: Jul 07 2026 | B9: FII | C9: 32710 | D9: 271548 | E9: 3845780 | F9: 3242088 | G9: 355937 | H9: 718833 | I9: 544458 | J9: 275050 | K9: 164789 | L9: 235205 | M9: 259677 | N9: 162062 | O9: 5353254 | P9: 4754883
A10: Jul 07 2026 | B10: Pro | C10: 38805 | D10: 33370 | E10: 867367 | F10: 394445 | G10: 583538 | H10: 632342 | I10: 571546 | J10: 587027 | K10: 909534 | L10: 922116 | M10: 1227011 | N10: 757268 | O10: 3953702 | P10: 3570667
A11: Jul 08 2026 | B11: Client | C11: 245471 | D11: 58316 | E11: 3095220 | F11: 233127 | G11: 2773248 | H11: 1722410 | I11: 2479076 | J11: 2351332 | K11: 1858115 | L11: 613580 | M11: 1084323 | N11: 967950 | O11: 10308044 | P11: 7174124
A12: Jul 08 2026 | B12: DII | C12: 79832 | D12: 8602 | E12: 298456 | F12: 4219367 | G12: 6745 | H12: 28169 | I12: 940 | J12: 369 | K12: 523 | L12: 35450 | M12: 303692 | N12: 9169 | O12: 449175 | P12: 4542139
A13: Jul 08 2026 | B13: FII | C13: 30225 | D13: 298811 | E13: 3804278 | F13: 3226723 | G13: 486150 | H13: 912286 | I13: 769301 | J13: 365622 | K13: 180386 | L13: 280738 | M13: 293100 | N13: 169283 | O13: 5694063 | P13: 5122840
A14: Jul 08 2026 | B14: Pro | C14: 46256 | D14: 36055 | E14: 888725 | F14: 407462 | G14: 920746 | H14: 744822 | I14: 937573 | J14: 690364 | K14: 934059 | L14: 997230 | M14: 1291968 | N14: 780596 | O14: 4531838 | P14: 4144018
... A22: Jul 10 2026 | B22: Pro | C22: 51172 | D22: 33516 | E22: 903186 | F22: 447680 | G22: 973913 | H22: 1201939 | I22: 798997 | J22: 1079415 | K22: 1037959 | L22: 1031050 | M22: 1384141 | N22: 879567 | O22: 5199219 | P22: 4623316

Sheet Raw TV Data
A1: NSE FAO — Raw TV Data
A2: Date | B2: Participant | C2: Fut Idx Long | D2: Fut Idx Short | E2: Fut Stk Long | F2: Fut Stk Short | G2: Opt Idx Call Long | H2: Opt Idx Put Long | I2: Opt Idx Call Short | J2: Opt Idx Put Short | K2: Opt Stk Call Long | L2: Opt Stk Put Long | M2: Opt Stk Call Short | N2: Opt Stk Put Short | O2: Total Long | P2: Total Short
A3: Jul 06 2026 | B3: Client | C3: 35762 | D3: 43827 | E3: 275406 | F3: 308498 | G3: 26676122 | H3: 23340629 | I3: 26717715 | J3: 23240950 | K3: 1161255 | L3: 417475 | M3: 1138509 | N3: 399372 | O3: 51906649 | P3: 51848871
A4: Jul 06 2026 | B4: DII | C4: 1760 | D4: 238 | E4: 83827 | F4: 58976 | G4: 195 | H4: 1074 | I4: 55 | J4: 1879 | K4: 262 | L4: 921 | M4: 37331 | N4: 891 | O4: 88039 | P4: 99370
A5: Jul 06 2026 | B5: FII | C5: 17088 | D5: 7600 | E5: 249999 | F5: 225304 | G5: 3473359 | H5: 3702980 | I5: 3428539 | J5: 3723128 | K5: 186781 | L5: 110242 | M5: 193558 | N5: 112409 | O5: 7740449 | P5: 7690538
A6: Jul 06 2026 | B6: Pro | C6: 13446 | D6: 16391 | E6: 325838 | F6: 342292 | G6: 35248941 | H6: 34721560 | I6: 35252308 | J6: 34800286 | K6: 1982791 | L6: 1039069 | M6: 1961691 | N6: 1055035 | O6: 73331645 | P6: 73428003
A7: Jul 07 2026 | B7: Client | C7: 44003 | D7: 44476 | E7: 300539 | F7: 329430 | G7: 67402038 | H7: 70517568 | I7: 67225117 | J7: 71052698 | K7: 1267969 | L7: 473259 | M7: 1168014 | N7: 488926 | O7: 140005376 | P7: 140308661
A8: Jul 07 2026 | B8: DII | C8: 3193 | D8: 45 | E8: 105193 | F8: 87353 | G8: 1170 | H8: 2483 | I8: 165 | J8: 1721 | K8: 484 | L8: 424 | M8: 45581 | N8: 2205 | O8: 112947 | P8: 137070
A9: Jul 07 2026 | B9: FII | C9: 10046 | D9: 7605 | E9: 328521 | F9: 296873 | G9: 8184095 | H9: 9730830 | I9: 8561132 | J9: 9608221 | K9: 226994 | L9: 137836 | M9: 234659 | N9: 127671 | O9: 18618322 | P9: 18836161
A10: Jul 07 2026 | B10: Pro | C10: 15625 | D10: 20741 | E10: 370719 | F10: 391316 | G10: 107696779 | H10: 125162220 | I10: 107497668 | J10: 124750461 | K10: 2218474 | L10: 1300942 | M10: 2265667 | N10: 1293659 | O10: 236764759 | P10: 236219512
A11: Jul 08 2026 | B11: Client | C11: 108342 | D11: 85346 | E11: 376370 | F11: 429787 | G11: 13086884 | H11: 15396600 | I11: 12964040 | J11: 15510626 | K11: 1406004 | L11: 662761 | M11: 1327959 | N11: 752370 | O11: 31036961 | P11: 31070128
A12: Jul 08 2026 | B12: DII | C12: 8194 | D12: 6208 | E12: 198232 | F12: 127019 | G12: 1655 | H12: 7900 | I12: 1050 | J12: 5898 | K12: 6019 | L12: 311 | M12: 25806 | N12: 800 | O12: 222311 | P12: 166781
A13: Jul 08 2026 | B13: FII | C13: 15891 | D13: 45639 | E13: 415974 | F13: 442111 | G13: 2694308 | H13: 3045543 | I13: 2788938 | J13: 2942662 | K13: 327398 | L13: 222865 | M13: 345224 | N13: 184553 | O13: 6721979 | P13: 6749127
A14: Jul 08 2026 | B14: Pro | C14: 53075 | D14: 48309 | E14: 514091 | F14: 505750 | G14: 17843951 | H14: 18795655 | I14: 17872770 | J14: 18786512 | K14: 2631306 | L14: 1818181 | M14: 2671738 | N14: 1766395 | O14: 41656259 | P14: 41651474
... A22: Jul 10 2026 | B22: Pro | C22: 18097 | D22: 17395 | E22: 378884 | F22: 398649 | G22: 23059141 | H22: 21952478 | I22: 22962378 | J22: 21923008 | K22: 2592408 | L22: 1384626 | M22: 2570403 | N22: 1408216 | O22: 49385634 | P22: 49280049

Sheet Raw Chain Data
A1: NSE FAO — Raw Option Chain Data
C2: CALLS | J2: PUTS
A3: Date | B3: Strike | C3: Call OI | D3: Call ΔOI | E3: Call Vol | F3: Call IV | G3: Call LTP | H3: Call Chng | I3: Put OI | J3: Put ΔOI | K3: Put Vol | L3: Put IV | M3: Put LTP | N3: Put Chng
A4: Jul 10 2026
A5: Jul 10 2026 | B5: 21400 | C5: 4 | D5: 0 | E5: 3 | G5: 2820 | H5: 106.2 | I5: 44925 | J5: 5835 | K5: 46894 | L5: 42.32 | M5: 0.75 | N5: -0.15
A6: Jul 10 2026 | B6: 21450 | C6: 32 | D6: -1 | E6: 16 | G6: 2759.2 | H6: 112.6 | I6: 1722 | J6: 724 | K6: 6870 | L6: 42.34 | M6: 0.9 | N6: -0.05
A7: Jul 10 2026 | B7: 21500 | C7: 36 | D7: -1 | E7: 2 | G7: 2673.4 | H7: 144.7 | I7: 31422 | J7: 1102 | K7: 85224 | L7: 41.38 | M7: 0.85 | N7: -0.1
A8: Jul 10 2026 | B8: 21550 | C8: 31 | D8: -7 | E8: 19 | G8: 2660.9 | H8: 211.85 | I8: 1482 | J8: 603 | K8: 4879 | L8: 40.65 | M8: 0.85 | N8: -0.1
A9: Jul 10 2026 | B9: 21600 | C9: 15 | D9: -11 | E9: 11 | G9: 2610.35 | H9: 150 | I9: 5526 | J9: 1391 | K9: 29596 | L9: 40.36 | M9: 0.95 | N9: -0.1
A10: Jul 10 2026 | B10: 21650 | C10: 46 | D10: -1 | E10: 19 | G10: 2565.25 | H10: 157.6 | I10: 1296 | J10: 605 | K10: 4521 | L10: 39.63 | M10: 0.95 | N10: -0.05
A11: Jul 10 2026 | B11: 21700 | C11: 61 | D11: -6 | E11: 16 | G11: 2509.05 | H11: 256.45 | I11: 5187 | J11: 2837 | K11: 42257 | L11: 39.1 | M11: 1
A12: Jul 10 2026 | B12: 21750 | C12: 30 | D12: -12 | E12: 14 | G12: 2410 | H12: 173.4 | I12: 992 | J12: 391 | K12: 2857 | L12: 38.55 | M12: 1.05 | N12: -0.05
A13: Jul 10 2026 | B13: 21800 | C13: 6 | D13: 0 | E13: 0 | G13: 2139.8 | I13: 13563 | J13: 2662 | K13: 63202 | L13: 37.81 | M13: 1.05
A14: Jul 10 2026 | B14: 21850 | C14: 7 | D14: -6 | E14: 6 | G14: 2354.25 | H14: 199 | I14: 1653 | J14: 803 | K14: 8576 | L14: 37.07 | M14: 1.05 | N14: -0.2
A15: Jul 10 2026 | B15: 21900 | C15: 16 | D15: 0 | E15: 0 | F15: 52.41 | G15: 2112.05 | I15: 5124 | J15: 2149 | K15: 23336 | L15: 36.68 | M15: 1.15 | N15: -0.15
A16: Jul 10 2026 | B16: 21950 | C16: 50 | D16: 0 | E16: 5 | G16: 2231.85 | H16: 196.3 | I16: 1751 | J16: 569 | K16: 14101 | L16: 36.1 | M16: 1.2 | N16: -0.15
A17: Jul 10 2026 | B17: 22000 | C17: 50 | D17: -1 | E17: 3 | G17: 2219.3 | H17: 293.6 | I17: 65388 | J17: 7740 | K17: 189567 | L17: 35.66 | M17: 1.3 | N17: -0.15
A18: Jul 10 2026 | B18: 22050 | C18: 25 | D18: -17 | E18: 17 | G18: 2159 | H18: 274.2 | I18: 3066 | J18: 472 | K18: 21583 | L18: 35.05 | M18: 1.35 | N18: -0.15
A19: Jul 10 2026 | B19: 22100 | C19: 52 | D19: 0 | E19: 4 | G19: 2090.9 | H19: 231.25 | I19: 7998 | J19: 3754 | K19: 43806 | L19: 33.71 | M19: 1.15 | N19: -0.4
A20: Jul 10 2026 | B20: 22150 | C20: 25 | D20: -7 | E20: 21 | G20: 2058.95 | H20: 198.05 | I20: 2092 | J20: 442 | K20: 26880 | L20: 33.54 | M20: 1.35 | N20: -0.35
A21: Jul 10 2026 | B21: 22200 | C21: 29 | D21: -2 | E21: 12 | G21: 2011.9 | H21: 229.3 | I21: 20160 | J21: 6194 | K21: 102632 | L21: 32.79 | M21: 1.35 | N21: -0.4
A22: Jul 10 2026 | B22: 22250 | C22: 8 | D22: 5 | E22: 11 | G22: 1955.9 | H22: 207.6 | I22: 2824 | J22: 136 | K22: 25041 | L22: 32.17 | M22: 1.4 | N22: -0.45
A23: Jul 10 2026 | B23: 22300 | C23: 15 | D23: -4 | E23: 6 | F23: 47.99 | G23: 1955.1 | H23: 173 | I23: 20565 | J23: 10157 | K23: 113900 | L23: 31.54 | M23: 1.45 | N23: -0.45
A24: Jul 10 2026 | B24: 22350 | C24: 32 | D24: -14 | E24: 14 | G24: 1861.45 | H24: 176.45 | I24: 2896 | J24: -98 | K24: 26184 | L24: 30.9 | M24: 1.5 | N24: -0.5
A25: Jul 10 2026 | B25: 22400 | C25: 32 | D25: -8 | E25: 12 | G25: 1811.5 | H25: 146.75 | I25: 12982 | J25: 919 | K25: 108673 | L25: 30.14 | M25: 1.5 | N25: -0.65
A26: Jul 10 2026 | B26: 22450 | C26: 18 | D26: 0 | E26: 1 | G26: 1723.45 | H26: 188.85 | I26: 5141 | J26: 2972 | K26: 40753 | L26: 29.6 | M26: 1.6 | N26: -0.75
A27: Jul 10 2026 | B27: 22500 | C27: 182 | D27: -2 | E27: 29 | G27: 1717.35 | H27: 267.6 | I27: 108674 | J27: 13919 | K27: 550357 | L27: 28.61 | M27: 1.5 | N27: -0.95
A28: Jul 10 2026 | B28: 22550 | C28: 34 | D28: -7 | E28: 13 | G28: 1609.05 | H28: 179.3 | I28: 9829 | J28: 2705 | K28: 78551 | L28: 27.85 | M28: 1.5 | N28: -1.05
A29: Jul 10 2026 | B29: 22600 | C29: 37 | D29: -1 | E29: 3 | G29: 1606.25 | H29: 122.3 | I29: 31813 | J29: 131 | K29: 204077 | L29: 27.4 | M29: 1.65 | N29: -1.05
A30: Jul 10 2026 | B30: 22650 | C30: 33 | D30: 0 | E30: 0 | F30: 51.33 | G30: 1428.85 | I30: 7232 | J30: 966 | K30: 75440 | L30: 27 | M30: 1.85 | N30: -1
A31: Jul 10 2026 | B31: 22700 | C31: 36 | D31: 7 | E31: 18 | G31: 1509.95 | H31: 278.45 | I31: 46616 | J31: 19090 | K31: 267087 | L31: 26.04 | M31: 1.75 | N31: -1.2
A32: Jul 10 2026 | B32: 22750 | C32: 45 | D32: 0 | E32: 1 | G32: 1424.35 | H32: 196.2 | I32: 10081 | J32: 1264 | K32: 75937 | L32: 25.44 | M32: 1.85 | N32: -1.3
A33: Jul 10 2026 | B33: 22800 | C33: 96 | D33: 9 | E33: 9 | G33: 1407 | H33: 162 | I33: 59723 | J33: 19176 | K33: 448162 | L33: 25.06 | M33: 2.1 | N33: -1.35
A34: Jul 10 2026 | B34: 22850 | C34: 67 | D34: -8 | E34: 25 | G34: 1338.15 | H34: 232.25 | I34: 9153 | J34: 2488 | K34: 85113 | L34: 24.49 | M34: 2.25 | N34: -1.65
A35: Jul 10 2026 | B35: 22900 | C35: 24 | D35: 1 | E35: 10 | G35: 1305.4 | H35: 239.2 | I35: 34578 | J35: 11301 | K35: 324879 | L35: 23.69 | M35: 2.25 | N35: -1.9
A36: Jul 10 2026 | B36: 22950 | C36: 91 | D36: -9 | E36: 12 | G36: 1252.55 | H36: 245 | I36: 9859 | J36: 348 | K36: 111977 | L36: 22.96 | M36: 2.3 | N36: -2.25
A37: Jul 10 2026 | B37: 23000 | C37: 1495 | D37: -54 | E37: 655 | G37: 1215.85 | H37: 251.35 | I37: 188373 | J37: 61076 | K37: 1006753 | L37: 22.34 | M37: 2.45 | N37: -2.65
A38: Jul 10 2026 | B38: 23050 | C38: 54 | D38: -1 | E38: 8 | G38: 1140.25 | H38: 255.6 | I38: 12463 | J38: -1268 | K38: 138654 | L38: 21.59 | M38: 2.5 | N38: -3.1
A39: Jul 10 2026 | B39: 23100 | C39: 130 | D39: 30 | E39: 172 | G39: 1116.6 | H39: 258.9 | I39: 42054 | J39: 11449 | K39: 425825 | L39: 21.01 | M39: 2.7 | N39: -3.35
A40: Jul 10 2026 | B40: 23150 | C40: 47 | D40: 24 | E40: 29 | G40: 1030.65 | H40: 236 | I40: 13673 | J40: 1002 | K40: 203593 | L40: 20.39 | M40: 2.9 | N40: -3.9
A41: Jul 10 2026 | B41: 23200 | C41: 588 | D41: -120 | E41: 613 | G41: 1017.8 | H41: 221.75 | I41: 85217 | J41: 47715 | K41: 591520 | L41: 19.7 | M41: 3.05 | N41: -4.7
A42: Jul 10 2026 | B42: 23250 | C42: 273 | D42: 30 | E42: 93 | G42: 967.3 | H42: 234.05 | I42: 23318 | J42: -5888 | K42: 280580 | L42: 19 | M42: 3.2 | N42: -5.85
... A54: Jul 10 2026 | B54: 23850 | C54: 4861 | D54: -3489 | E54: 25665 | G54: 381.5 | H54: 179.45 | I54: 50694 | J54: 18612 | K54: 754811 | L54: 12.37 | M54: 16.35 | N54: -73.9
A55: Jul 10 2026 | B55: 23900 | C55: 13729 | D55: -15366 | E55: 161569 | F55: 7.49 | G55: 336 | H55: 166 | I55: 100653 | J55: 31612 | K55: 1495038 | L55: 11.87 | M55: 19.9 | N55: -89.35
A56: Jul 10 2026 | B56: 23950 | C56: 5460 | D56: -15954 | E56: 131530 | F56: 8.63 | G56: 293 | H56: 150.35 | I56: 57665 | J56: 23893 | K56: 1128815 | L56: 11.48 | M56: 25.1 | N56: -106.45
A57: Jul 10 2026 | B57: 24000 | C57: 50180 | D57: -71080 | E57: 1038532 | F57: 8.16 | G57: 246.4 | H57: 126.3 | I57: 161957 | J57: 68949 | K57: 2872110 | L57: 11.12 | M57: 31.9 | N57: -121.45
A58: Jul 10 2026 | B58: 24050 | C58: 14334 | D58: -30831 | E58: 638234 | F58: 8.59 | G58: 207.3 | H58: 108.5 | I58: 51761 | J58: 24961 | K58: 1590100 | L58: 10.81 | M58: 40.9 | N58: -137.85
A59: Jul 10 2026 | B59: 24100 | C59: 43051 | D59: -44813 | E59: 2444672 | F59: 8.42 | G59: 167.7 | H59: 88.55 | I59: 122920 | J59: 81979 | K59: 3671401 | L59: 10.51 | M59: 52.4 | N59: -158.8
A60: Jul 10 2026 | B60: 24150 | C60: 68897 | D60: 33433 | E60: 3462333 | F60: 8.64 | G60: 135.15 | H60: 71.85 | I60: 121695 | J60: 110035 | K60: 4539113 | L60: 10.32 | M60: 67.75 | N60: -173.8
A61: Jul 10 2026 | B61: 24200 | C61: 144699 | D61: 6689 | E61: 7567286 | F61: 8.54 | G61: 104 | H61: 54.55 | I61: 158389 | J61: 115617 | K61: 6379639 | L61: 10.28 | M61: 88.05 | N61: -194.2
A62: Jul 10 2026 | B62: 24250 | C62: 86704 | D62: 25357 | E62: 3765898 | F62: 8.55 | G62: 78.4 | H62: 39.25 | I62: 53552 | J62: 36076 | K62: 1994014 | L62: 10.15 | M62: 111.15 | N62: -208.3
A63: Jul 10 2026 | B63: 24300 | C63: 144630 | D63: 11664 | E63: 3822136 | F63: 8.65 | G63: 58.3 | H63: 27.95 | I63: 37771 | J63: 8857 | K63: 1379254 | L63: 10.32 | M63: 141.1 | N63: -221.75
A64: Jul 10 2026 | B64: 24350 | C64: 46474 | D64: -6901 | E64: 1844992 | F64: 8.65 | G64: 41.5 | H64: 17.55 | I64: 7175 | J64: 1789 | K64: 316744 | L64: 10.46 | M64: 174.2 | N64: -226.4
A65: Jul 10 2026 | B65: 24400 | C65: 99528 | D65: -2203 | E65: 2437591 | F65: 8.74 | G65: 29.2 | H65: 10.85 | I65: 17977 | J65: 625 | K65: 335110 | L65: 11.04 | M65: 214.25 | N65: -237.6
A66: Jul 10 2026 | B66: 24450 | C66: 52447 | D66: -1431 | E66: 1519355 | F66: 8.84 | G66: 20.15 | H66: 5.6 | I66: 4465 | J66: -198 | K66: 51744 | L66: 11.22 | M66: 253.3 | N66: -241.4
... A89: Jul 10 2026 | B89: 25600 | C89: 22725 | D89: -10918 | E89: 96305 | F89: 19.64 | G89: 0.6 | H89: -0.25 | I89: 24 | J89: 11 | K89: 16 | L89: 34.66 | M89: 1390.8 | N89: -199.8
A90: Jul 10 2026 | B90: 25650 | C90: 5574 | D90: -2393 | E90: 21482 | F90: 20.26 | G90: 0.6 | H90: -0.2 | I90: 22 | J90: 0 | K90: 0 | M90: 1596.45
A91: Jul 10 2026 | B91: 25700 | C91: 19220 | D91: -6395 | E91: 61142 | F91: 21.05 | G91: 0.65 | H91: -0.1 | I91: 12 | J91: 0 | K91: 0 | M91: 1618.5
A92: Jul 10 2026 | B92: 25750 | C92: 3693 | D92: -2268 | E92: 15714 | F92: 21.5 | G92: 0.6 | H92: -0.15 | I92: 27 | J92: -3 | K92: 3 | L92: 37.47 | M92: 1540.6 | N92: -142.6
A93: Jul 10 2026 | B93: 25800 | C93: 9743 | D93: -7092 | E93: 37761 | F93: 22.11 | G93: 0.6 | H93: -0.15 | I93: 29 | J93: -3 | K93: 19 | L93: 35.45 | M93: 1582.3 | N93: -177.5
A94: Jul 10 2026 | B94: 25850 | C94: 2073 | D94: -1310 | E94: 9710 | F94: 22.52 | G94: 0.55 | H94: -0.2 | I94: 47 | J94: -1 | K94: 1 | L94: 38.93 | M94: 1639.35 | N94: -138.35
A95: Jul 10 2026 | B95: 25900 | C95: 10862 | D95: -61 | E95: 19767 | F95: 22.91 | G95: 0.5 | H95: -0.2 | I95: 6 | J95: 0 | K95: 0 | M95: 1434.1
A96: Jul 10 2026 | B96: 25950 | C96: 1713 | D96: -564 | E96: 2242 | F96: 23.73 | G96: 0.55 | H96: -0.15 | I96: 123 | J96: 0 | K96: 0 | L96: 48.17 | M96: 1991
A97: Jul 10 2026 | B97: 26000 | C97: 26688 | D97: -12648 | E97: 119635 | F97: 24.33 | G97: 0.55 | H97: -0.15 | I97: 1311 | J97: -3 | K97: 75 | L97: 39.38 | M97: 1783.2 | N97: -255.75
A98: Jul 10 2026 | B98: 26050 | C98: 1344 | D98: -55 | E98: 3420 | F98: 24.69 | G98: 0.5 | H98: -0.2 | I98: 91 | J98: 0 | K98: 2 | L98: 43.12 | M98: 1840.8 | N98: -227.6
A99: Jul 10 2026 | B99: 26100 | C99: 5311 | D99: 2651 | E99: 13398 | F99: 25.03 | G99: 0.45 | H99: -0.2 | I99: 16 | J99: -11 | K99: 19 | L99: 43.43 | M99: 1889.1 | N99: -174.25
A100: Jul 10 2026 | B100: 26150 | C100: 1122 | D100: 220 | E100: 8200 | F100: 25.33 | G100: 0.4 | H100: -0.25 | I100: 10 | J100: -15 | K100: 17 | L100: 44.27 | M100: 1938.95 | N100: -154.85
A101: Jul 10 2026 | B101: 26200 | C101: 3388 | D101: 90 | E101: 9510 | F101: 25.91 | G101: 0.4 | H101: -0.2 | I101: 0 | J101: 0 | K101: 0
A102: Jul 10 2026 | B102: 26250 | C102: 2750 | D102: 491 | E102: 6649 | F102: 26.48 | G102: 0.4 | H102: -0.2 | I102: 0 | J102: 0 | K102: 0
A103: Jul 10 2026 | B103: 26300 | C103: 22480 | D103: 3555 | E103: 37769 | F103: 27.05 | G103: 0.4 | H103: -0.15 | I103: 8 | J103: 0 | K103: 0 | M103: 2229.25

Sheet OI Dashboard
A1: NSE FAO — OI Dashboard
A2: Metric | B2: Jul 06 2026 | G2: Jul 07 2026 | L2: Jul 08 2026 | Q2: Jul 09 2026 | V2: Jul 10 2026
B3: Client | C3: DII | D3: FII | E3: Pro | G3: Client | H3: DII | I3: FII | J3: Pro | L3: Client | M3: DII | N3: FII | O3: Pro | Q3: Client | R3: DII | S3: FII | T3: Pro | V3: Client | W3: DII | X3: FII | Y3: Pro
A4: FUTURES — INDEX
A5: Long OI | B5: ='Raw OI Data'!C3 | C5: ='Raw OI Data'!C4 | D5: ='Raw OI Data'!C5 | E5: ='Raw OI Data'!C6 | G5: ='Raw OI Data'!C7 | H5: ='Raw OI Data'!C8 | I5: ='Raw OI Data'!C9 | J5: ='Raw OI Data'!C10 | L5: ='Raw OI Data'!C11 | M5: ='Raw OI Data'!C12 | N5: ='Raw OI Data'!C13 | O5: ='Raw OI Data'!C14 | Q5: ='Raw OI Data'!C15 | R5: ='Raw OI Data'!C16 | S5: ='Raw OI Data'!C17 | T5: ='Raw OI Data'!C18 | V5: ='Raw OI Data'!C19 | W5: ='Raw OI Data'!C20 | X5: ='Raw OI Data'!C21 | Y5: ='Raw OI Data'!C22
A6: Short OI | B6: ='Raw OI Data'!D3 | C6: ='Raw OI Data'!D4 | D6: ='Raw OI Data'!D5 | E6: ='Raw OI Data'!D6 | G6: ='Raw OI Data'!D7 | H6: ='Raw OI Data'!D8 | I6: ='Raw OI Data'!D9 | J6: ='Raw OI Data'!D10 | L6: ='Raw OI Data'!D11 | M6: ='Raw OI Data'!D12 | N6: ='Raw OI Data'!D13 | O6: ='Raw OI Data'!D14 | Q6: ='Raw OI Data'!D15 | R6: ='Raw OI Data'!D16 | S6: ='Raw OI Data'!D17 | T6: ='Raw OI Data'!D18 | V6: ='Raw OI Data'!D19 | W6: ='Raw OI Data'!D20 | X6: ='Raw OI Data'!D21 | Y6: ='Raw OI Data'!D22
A7: Net OI (L−S) | B7: ='Raw OI Data'!C3-'Raw OI Data'!D3 | C7: ='Raw OI Data'!C4-'Raw OI Data'!D4 | D7: ='Raw OI Data'!C5-'Raw OI Data'!D5 | E7: ='Raw OI Data'!C6-'Raw OI Data'!D6 | G7: ='Raw OI Data'!C7-'Raw OI Data'!D7 | H7: ='Raw OI Data'!C8-'Raw OI Data'!D8 | I7: ='Raw OI Data'!C9-'Raw OI Data'!D9 | J7: ='Raw OI Data'!C10-'Raw OI Data'!D10 | L7: ='Raw OI Data'!C11-'Raw OI Data'!D11 | M7: ='Raw OI Data'!C12-'Raw OI Data'!D12 | N7: ='Raw OI Data'!C13-'Raw OI Data'!D13 | O7: ='Raw OI Data'!C14-'Raw OI Data'!D14 | Q7: ='Raw OI Data'!C15-'Raw OI Data'!D15 | R7: ='Raw OI Data'!C16-'Raw OI Data'!D16 | S7: ='Raw OI Data'!C17-'Raw OI Data'!D17 | T7: ='Raw OI Data'!C18-'Raw OI Data'!D18 | V7: ='Raw OI Data'!C19-'Raw OI Data'!D19 | W7: ='Raw OI Data'!C20-'Raw OI Data'!D20 | X7: ='Raw OI Data'!C21-'Raw OI Data'!D21 | Y7: ='Raw OI Data'!C22-'Raw OI Data'!D22
A8: L/S Ratio | B8: =IFERROR('Raw OI Data'!C3/'Raw OI Data'!D3,0) | C8: =IFERROR('Raw OI Data'!C4/'Raw OI Data'!D4,0) | D8: =IFERROR('Raw OI Data'!C5/'Raw OI Data'!D5,0) | E8: =IFERROR('Raw OI Data'!C6/'Raw OI Data'!D6,0) | G8: =IFERROR('Raw OI Data'!C7/'Raw OI Data'!D7,0) | H8: =IFERROR('Raw OI Data'!C8/'Raw OI Data'!D8,0) | I8: =IFERROR('Raw OI Data'!C9/'Raw OI Data'!D9,0) | J8: =IFERROR('Raw OI Data'!C10/'Raw OI Data'!D10,0) | L8: =IFERROR('Raw OI Data'!C11/'Raw OI Data'!D11,0) | M8: =IFERROR('Raw OI Data'!C12/'Raw OI Data'!D12,0) | N8: =IFERROR('Raw OI Data'!C13/'Raw OI Data'!D13,0) | O8: =IFERROR('Raw OI Data'!C14/'Raw OI Data'!D14,0) | Q8: =IFERROR('Raw OI Data'!C15/'Raw OI Data'!D15,0) | R8: =IFERROR('Raw OI Data'!C16/'Raw OI Data'!D16,0) | S8: =IFERROR('Raw OI Data'!C17/'Raw OI Data'!D17,0) | T8: =IFERROR('Raw OI Data'!C18/'Raw OI Data'!D18,0) | V8: =IFERROR('Raw OI Data'!C19/'Raw OI Data'!D19,0) | W8: =IFERROR('Raw OI Data'!C20/'Raw OI Data'!D20,0) | X8: =IFERROR('Raw OI Data'!C21/'Raw OI Data'!D21,0) | Y8: =IFERROR('Raw OI Data'!C22/'Raw OI Data'!D22,0)
A9: FUTURES — STOCK
A10: Long OI | B10: ='Raw OI Data'!E3 | C10: ='Raw OI Data'!E4 | D10: ='Raw OI Data'!E5 | E10: ='Raw OI Data'!E6 | G10: ='Raw OI Data'!E7 | H10: ='Raw OI Data'!E8 | I10: ='Raw OI Data'!E9 | J10: ='Raw OI Data'!E10 | L10: ='Raw OI Data'!E11 | M10: ='Raw OI Data'!E12 | N10: ='Raw OI Data'!E13 | O10: ='Raw OI Data'!E14 | Q10: ='Raw OI Data'!E15 | R10: ='Raw OI Data'!E16 | S10: ='Raw OI Data'!E17 | T10: ='Raw OI Data'!E18 | V10: ='Raw OI Data'!E19 | W10: ='Raw OI Data'!E20 | X10: ='Raw OI Data'!E21 | Y10: ='Raw OI Data'!E22
A11: Short OI | B11: ='Raw OI Data'!F3 | C11: ='Raw OI Data'!F4 | D11: ='Raw OI Data'!F5 | E11: ='Raw OI Data'!F6 | G11: ='Raw OI Data'!F7 | H11: ='Raw OI Data'!F8 | I11: ='Raw OI Data'!F9 | J11: ='Raw OI Data'!F10 | L11: ='Raw OI Data'!F11 | M11: ='Raw OI Data'!F12 | N11: ='Raw OI Data'!F13 | O11: ='Raw OI Data'!F14 | Q11: ='Raw OI Data'!F15 | R11: ='Raw OI Data'!F16 | S11: ='Raw OI Data'!F17 | T11: ='Raw OI Data'!F18 | V11: ='Raw OI Data'!F19 | W11: ='Raw OI Data'!F20 | X11: ='Raw OI Data'!F21 | Y11: ='Raw OI Data'!F22
A12: Net OI (L−S) | B12: ='Raw OI Data'!E3-'Raw OI Data'!F3 | C12: ='Raw OI Data'!E4-'Raw OI Data'!F4 | D12: ='Raw OI Data'!E5-'Raw OI Data'!F5 | E12: ='Raw OI Data'!E6-'Raw OI Data'!F6 | G12: ='Raw OI Data'!E7-'Raw OI Data'!F7 | H12: ='Raw OI Data'!E8-'Raw OI Data'!F8 | I12: ='Raw OI Data'!E9-'Raw OI Data'!F9 | J12: ='Raw OI Data'!E10-'Raw OI Data'!F10 | L12: ='Raw OI Data'!E11-'Raw OI Data'!F11 | M12: ='Raw OI Data'!E12-'Raw OI Data'!F12 | N12: ='Raw OI Data'!E13-'Raw OI Data'!F13 | O12: ='Raw OI Data'!E14-'Raw OI Data'!F14 | Q12: ='Raw OI Data'!E15-'Raw OI Data'!F15 | R12: ='Raw OI Data'!E16-'Raw OI Data'!F16 | S12: ='Raw OI Data'!E17-'Raw OI Data'!F17 | T12: ='Raw OI Data'!E18-'Raw OI Data'!F18 | V12: ='Raw OI Data'!E19-'Raw OI Data'!F19 | W12: ='Raw OI Data'!E20-'Raw OI Data'!F20 | X12: ='Raw OI Data'!E21-'Raw OI Data'!F21 | Y12: ='Raw OI Data'!E22-'Raw OI Data'!F22
A13: L/S Ratio | B13: =IFERROR('Raw OI Data'!E3/'Raw OI Data'!F3,0) | C13: =IFERROR('Raw OI Data'!E4/'Raw OI Data'!F4,0) | D13: =IFERROR('Raw OI Data'!E5/'Raw OI Data'!F5,0) | E13: =IFERROR('Raw OI Data'!E6/'Raw OI Data'!F6,0) | G13: =IFERROR('Raw OI Data'!E7/'Raw OI Data'!F7,0) | H13: =IFERROR('Raw OI Data'!E8/'Raw OI Data'!F8,0) | I13: =IFERROR('Raw OI Data'!E9/'Raw OI Data'!F9,0) | J13: =IFERROR('Raw OI Data'!E10/'Raw OI Data'!F10,0) | L13: =IFERROR('Raw OI Data'!E11/'Raw OI Data'!F11,0) | M13: =IFERROR('Raw OI Data'!E12/'Raw OI Data'!F12,0) | N13: =IFERROR('Raw OI Data'!E13/'Raw OI Data'!F13,0) | O13: =IFERROR('Raw OI Data'!E14/'Raw OI Data'!F14,0) | Q13: =IFERROR('Raw OI Data'!E15/'Raw OI Data'!F15,0) | R13: =IFERROR('Raw OI Data'!E16/'Raw OI Data'!F16,0) | S13: =IFERROR('Raw OI Data'!E17/'Raw OI Data'!F17,0) | T13: =IFERROR('Raw OI Data'!E18/'Raw OI Data'!F18,0) | V13: =IFERROR('Raw OI Data'!E19/'Raw OI Data'!F19,0) | W13: =IFERROR('Raw OI Data'!E20/'Raw OI Data'!F20,0) | X13: =IFERROR('Raw OI Data'!E21/'Raw OI Data'!F21,0) | Y13: =IFERROR('Raw OI Data'!E22/'Raw OI Data'!F22,0)
A14: OPTIONS — INDEX CALLS
A15: Call Long OI | B15: ='Raw OI Data'!G3 | C15: ='Raw OI Data'!G4 | D15: ='Raw OI Data'!G5 | E15: ='Raw OI Data'!G6 | G15: ='Raw OI Data'!G7 | H15: ='Raw OI Data'!G8 | I15: ='Raw OI Data'!G9 | J15: ='Raw OI Data'!G10 | L15: ='Raw OI Data'!G11 | M15: ='Raw OI Data'!G12 | N15: ='Raw OI Data'!G13 | O15: ='Raw OI Data'!G14 | Q15: ='Raw OI Data'!G15 | R15: ='Raw OI Data'!G16 | S15: ='Raw OI Data'!G17 | T15: ='Raw OI Data'!G18 | V15: ='Raw OI Data'!G19 | W15: ='Raw OI Data'!G20 | X15: ='Raw OI Data'!G21 | Y15: ='Raw OI Data'!G22
A16: Call Short OI | B16: ='Raw OI Data'!I3 | C16: ='Raw OI Data'!I4 | D16: ='Raw OI Data'!I5 | E16: ='Raw OI Data'!I6 | G16: ='Raw OI Data'!I7 | H16: ='Raw OI Data'!I8 | I16: ='Raw OI Data'!I9 | J16: ='Raw OI Data'!I10 | L16: ='Raw OI Data'!I11 | M16: ='Raw OI Data'!I12 | N16: ='Raw OI Data'!I13 | O16: ='Raw OI Data'!I14 | Q16: ='Raw OI Data'!I15 | R16: ='Raw OI Data'!I16 | S16: ='Raw OI Data'!I17 | T16: ='Raw OI Data'!I18 | V16: ='Raw OI Data'!I19 | W16: ='Raw OI Data'!I20 | X16: ='Raw OI Data'!I21 | Y16: ='Raw OI Data'!I22
A17: Net Call OI | B17: ='Raw OI Data'!G3-'Raw OI Data'!I3 | C17: ='Raw OI Data'!G4-'Raw OI Data'!I4 | D17: ='Raw OI Data'!G5-'Raw OI Data'!I5 | E17: ='Raw OI Data'!G6-'Raw OI Data'!I6 | G17: ='Raw OI Data'!G7-'Raw OI Data'!I7 | H17: ='Raw OI Data'!G8-'Raw OI Data'!I8 | I17: ='Raw OI Data'!G9-'Raw OI Data'!I9 | J17: ='Raw OI Data'!G10-'Raw OI Data'!I10 | L17: ='Raw OI Data'!G11-'Raw OI Data'!I11 | M17: ='Raw OI Data'!G12-'Raw OI Data'!I12 | N17: ='Raw OI Data'!G13-'Raw OI Data'!I13 | O17: ='Raw OI Data'!G14-'Raw OI Data'!I14 | Q17: ='Raw OI Data'!G15-'Raw OI Data'!I15 | R17: ='Raw OI Data'!G16-'Raw OI Data'!I16 | S17: ='Raw OI Data'!G17-'Raw OI Data'!I17 | T17: ='Raw OI Data'!G18-'Raw OI Data'!I18 | V17: ='Raw OI Data'!G19-'Raw OI Data'!I19 | W17: ='Raw OI Data'!G20-'Raw OI Data'!I20 | X17: ='Raw OI Data'!G21-'Raw OI Data'!I21 | Y17: ='Raw OI Data'!G22-'Raw OI Data'!I22
A18: OPTIONS — INDEX PUTS
A19: Put Long OI | B19: ='Raw OI Data'!H3 | C19: ='Raw OI Data'!H4 | D19: ='Raw OI Data'!H5 | E19: ='Raw OI Data'!H6 | G19: ='Raw OI Data'!H7 | H19: ='Raw OI Data'!H8 | I19: ='Raw OI Data'!H9 | J19: ='Raw OI Data'!H10 | L19: ='Raw OI Data'!H11 | M19: ='Raw OI Data'!H12 | N19: ='Raw OI Data'!H13 | O19: ='Raw OI Data'!H14 | Q19: ='Raw OI Data'!H15 | R19: ='Raw OI Data'!H16 | S19: ='Raw OI Data'!H17 | T19: ='Raw OI Data'!H18 | V19: ='Raw OI Data'!H19 | W19: ='Raw OI Data'!H20 | X19: ='Raw OI Data'!H21 | Y19: ='Raw OI Data'!H22
A20: Put Short OI | B20: ='Raw OI Data'!J3 | C20: ='Raw OI Data'!J4 | D20: ='Raw OI Data'!J5 | E20: ='Raw OI Data'!J6 | G20: ='Raw OI Data'!J7 | H20: ='Raw OI Data'!J8 | I20: ='Raw OI Data'!J9 | J20: ='Raw OI Data'!J10 | L20: ='Raw OI Data'!J11 | M20: ='Raw OI Data'!J12 | N20: ='Raw OI Data'!J13 | O20: ='Raw OI Data'!J14 | Q20: ='Raw OI Data'!J15 | R20: ='Raw OI Data'!J16 | S20: ='Raw OI Data'!J17 | T20: ='Raw OI Data'!J18 | V20: ='Raw OI Data'!J19 | W20: ='Raw OI Data'!J20 | X20: ='Raw OI Data'!J21 | Y20: ='Raw OI Data'!J22
A21: Net Put OI | B21: ='Raw OI Data'!H3-'Raw OI Data'!J3 | C21: ='Raw OI Data'!H4-'Raw OI Data'!J4 | D21: ='Raw OI Data'!H5-'Raw OI Data'!J5 | E21: ='Raw OI Data'!H6-'Raw OI Data'!J6 | G21: ='Raw OI Data'!H7-'Raw OI Data'!J7 | H21: ='Raw OI Data'!H8-'Raw OI Data'!J8 | I21: ='Raw OI Data'!H9-'Raw OI Data'!J9 | J21: ='Raw OI Data'!H10-'Raw OI Data'!J10 | L21: ='Raw OI Data'!H11-'Raw OI Data'!J11 | M21: ='Raw OI Data'!H12-'Raw OI Data'!J12 | N21: ='Raw OI Data'!H13-'Raw OI Data'!J13 | O21: ='Raw OI Data'!H14-'Raw OI Data'!J14 | Q21: ='Raw OI Data'!H15-'Raw OI Data'!J15 | R21: ='Raw OI Data'!H16-'Raw OI Data'!J16 | S21: ='Raw OI Data'!H17-'Raw OI Data'!J17 | T21: ='Raw OI Data'!H18-'Raw OI Data'!J18 | V21: ='Raw OI Data'!H19-'Raw OI Data'!J19 | W21: ='Raw OI Data'!H20-'Raw OI Data'!J20 | X21: ='Raw OI Data'!H21-'Raw OI Data'!J21 | Y21: ='Raw OI Data'!H22-'Raw OI Data'!J22
A22: OPTIONS — STOCK CALLS
A23: Call Long OI | B23: ='Raw OI Data'!K3 | C23: ='Raw OI Data'!K4 | D23: ='Raw OI Data'!K5 | E23: ='Raw OI Data'!K6 | G23: ='Raw OI Data'!K7 | H23: ='Raw OI Data'!K8 | I23: ='Raw OI Data'!K9 | J23: ='Raw OI Data'!K10 | L23: ='Raw OI Data'!K11 | M23: ='Raw OI Data'!K12 | N23: ='Raw OI Data'!K13 | O23: ='Raw OI Data'!K14 | Q23: ='Raw OI Data'!K15 | R23: ='Raw OI Data'!K16 | S23: ='Raw OI Data'!K17 | T23: ='Raw OI Data'!K18 | V23: ='Raw OI Data'!K19 | W23: ='Raw OI Data'!K20 | X23: ='Raw OI Data'!K21 | Y23: ='Raw OI Data'!K22
A24: Call Short OI | B24: ='Raw OI Data'!M3 | C24: ='Raw OI Data'!M4 | D24: ='Raw OI Data'!M5 | E24: ='Raw OI Data'!M6 | G24: ='Raw OI Data'!M7 | H24: ='Raw OI Data'!M8 | I24: ='Raw OI Data'!M9 | J24: ='Raw OI Data'!M10 | L24: ='Raw OI Data'!M11 | M24: ='Raw OI Data'!M12 | N24: ='Raw OI Data'!M13 | O24: ='Raw OI Data'!M14 | Q24: ='Raw OI Data'!M15 | R24: ='Raw OI Data'!M16 | S24: ='Raw OI Data'!M17 | T24: ='Raw OI Data'!M18 | V24: ='Raw OI Data'!M19 | W24: ='Raw OI Data'!M20 | X24: ='Raw OI Data'!M21 | Y24: ='Raw OI Data'!M22
A25: Net Call OI | B25: ='Raw OI Data'!K3-'Raw OI Data'!M3 | C25: ='Raw OI Data'!K4-'Raw OI Data'!M4 | D25: ='Raw OI Data'!K5-'Raw OI Data'!M5 | E25: ='Raw OI Data'!K6-'Raw OI Data'!M6 | G25: ='Raw OI Data'!K7-'Raw OI Data'!M7 | H25: ='Raw OI Data'!K8-'Raw OI Data'!M8 | I25: ='Raw OI Data'!K9-'Raw OI Data'!M9 | J25: ='Raw OI Data'!K10-'Raw OI Data'!M10 | L25: ='Raw OI Data'!K11-'Raw OI Data'!M11 | M25: ='Raw OI Data'!K12-'Raw OI Data'!M12 | N25: ='Raw OI Data'!K13-'Raw OI Data'!M13 | O25: ='Raw OI Data'!K14-'Raw OI Data'!M14 | Q25: ='Raw OI Data'!K15-'Raw OI Data'!M15 | R25: ='Raw OI Data'!K16-'Raw OI Data'!M16 | S25: ='Raw OI Data'!K17-'Raw OI Data'!M17 | T25: ='Raw OI Data'!K18-'Raw OI Data'!M18 | V25: ='Raw OI Data'!K19-'Raw OI Data'!M19 | W25: ='Raw OI Data'!K20-'Raw OI Data'!M20 | X25: ='Raw OI Data'!K21-'Raw OI Data'!M21 | Y25: ='Raw OI Data'!K22-'Raw OI Data'!M22
A26: OPTIONS — STOCK PUTS
A27: Put Long OI | B27: ='Raw OI Data'!L3 | C27: ='Raw OI Data'!L4 | D27: ='Raw OI Data'!L5 | E27: ='Raw OI Data'!L6 | G27: ='Raw OI Data'!L7 | H27: ='Raw OI Data'!L8 | I27: ='Raw OI Data'!L9 | J27: ='Raw OI Data'!L10 | L27: ='Raw OI Data'!L11 | M27: ='Raw OI Data'!L12 | N27: ='Raw OI Data'!L13 | O27: ='Raw OI Data'!L14 | Q27: ='Raw OI Data'!L15 | R27: ='Raw OI Data'!L16 | S27: ='Raw OI Data'!L17 | T27: ='Raw OI Data'!L18 | V27: ='Raw OI Data'!L19 | W27: ='Raw OI Data'!L20 | X27: ='Raw OI Data'!L21 | Y27: ='Raw OI Data'!L22
A28: Put Short OI | B28: ='Raw OI Data'!N3 | C28: ='Raw OI Data'!N4 | D28: ='Raw OI Data'!N5 | E28: ='Raw OI Data'!N6 | G28: ='Raw OI Data'!N7 | H28: ='Raw OI Data'!N8 | I28: ='Raw OI Data'!N9 | J28: ='Raw OI Data'!N10 | L28: ='Raw OI Data'!N11 | M28: ='Raw OI Data'!N12 | N28: ='Raw OI Data'!N13 | O28: ='Raw OI Data'!N14 | Q28: ='Raw OI Data'!N15 | R28: ='Raw OI Data'!N16 | S28: ='Raw OI Data'!N17 | T28: ='Raw OI Data'!N18 | V28: ='Raw OI Data'!N19 | W28: ='Raw OI Data'!N20 | X28: ='Raw OI Data'!N21 | Y28: ='Raw OI Data'!N22
A29: Net Put OI | B29: ='Raw OI Data'!L3-'Raw OI Data'!N3 | C29: ='Raw OI Data'!L4-'Raw OI Data'!N4 | D29: ='Raw OI Data'!L5-'Raw OI Data'!N5 | E29: ='Raw OI Data'!L6-'Raw OI Data'!N6 | G29: ='Raw OI Data'!L7-'Raw OI Data'!N7 | H29: ='Raw OI Data'!L8-'Raw OI Data'!N8 | I29: ='Raw OI Data'!L9-'Raw OI Data'!N9 | J29: ='Raw OI Data'!L10-'Raw OI Data'!N10 | L29: ='Raw OI Data'!L11-'Raw OI Data'!N11 | M29: ='Raw OI Data'!L12-'Raw OI Data'!N12 | N29: ='Raw OI Data'!L13-'Raw OI Data'!N13 | O29: ='Raw OI Data'!L14-'Raw OI Data'!N14 | Q29: ='Raw OI Data'!L15-'Raw OI Data'!N15 | R29: ='Raw OI Data'!L16-'Raw OI Data'!N16 | S29: ='Raw OI Data'!L17-'Raw OI Data'!N17 | T29: ='Raw OI Data'!L18-'Raw OI Data'!N18 | V29: ='Raw OI Data'!L19-'Raw OI Data'!N19 | W29: ='Raw OI Data'!L20-'Raw OI Data'!N20 | X29: ='Raw OI Data'!L21-'Raw OI Data'!N21 | Y29: ='Raw OI Data'!L22-'Raw OI Data'!N22
A30: TOTAL POSITION
A31: Total Long | B31: ='Raw OI Data'!O3 | C31: ='Raw OI Data'!O4 | D31: ='Raw OI Data'!O5 | E31: ='Raw OI Data'!O6 | G31: ='Raw OI Data'!O7 | H31: ='Raw OI Data'!O8 | I31: ='Raw OI Data'!O9 | J31: ='Raw OI Data'!O10 | L31: ='Raw OI Data'!O11 | M31: ='Raw OI Data'!O12 | N31: ='Raw OI Data'!O13 | O31: ='Raw OI Data'!O14 | Q31: ='Raw OI Data'!O15 | R31: ='Raw OI Data'!O16 | S31: ='Raw OI Data'!O17 | T31: ='Raw OI Data'!O18 | V31: ='Raw OI Data'!O19 | W31: ='Raw OI Data'!O20 | X31: ='Raw OI Data'!O21 | Y31: ='Raw OI Data'!O22
A32: Total Short | B32: ='Raw OI Data'!P3 | C32: ='Raw OI Data'!P4 | D32: ='Raw OI Data'!P5 | E32: ='Raw OI Data'!P6 | G32: ='Raw OI Data'!P7 | H32: ='Raw OI Data'!P8 | I32: ='Raw OI Data'!P9 | J32: ='Raw OI Data'!P10 | L32: ='Raw OI Data'!P11 | M32: ='Raw OI Data'!P12 | N32: ='Raw OI Data'!P13 | O32: ='Raw OI Data'!P14 | Q32: ='Raw OI Data'!P15 | R32: ='Raw OI Data'!P16 | S32: ='Raw OI Data'!P17 | T32: ='Raw OI Data'!P18 | V32: ='Raw OI Data'!P19 | W32: ='Raw OI Data'!P20 | X32: ='Raw OI Data'!P21 | Y32: ='Raw OI Data'!P22
A33: Net Total OI | B33: ='Raw OI Data'!O3-'Raw OI Data'!P3 | C33: ='Raw OI Data'!O4-'Raw OI Data'!P4 | D33: ='Raw OI Data'!O5-'Raw OI Data'!P5 | E33: ='Raw OI Data'!O6-'Raw OI Data'!P6 | G33: ='Raw OI Data'!O7-'Raw OI Data'!P7 | H33: ='Raw OI Data'!O8-'Raw OI Data'!P8 | I33: ='Raw OI Data'!O9-'Raw OI Data'!P9 | J33: ='Raw OI Data'!O10-'Raw OI Data'!P10 | L33: ='Raw OI Data'!O11-'Raw OI Data'!P11 | M33: ='Raw OI Data'!O12-'Raw OI Data'!P12 | N33: ='Raw OI Data'!O13-'Raw OI Data'!P13 | O33: ='Raw OI Data'!O14-'Raw OI Data'!P14 | Q33: ='Raw OI Data'!O15-'Raw OI Data'!P15 | R33: ='Raw OI Data'!O16-'Raw OI Data'!P16 | S33: ='Raw OI Data'!O17-'Raw OI Data'!P17 | T33: ='Raw OI Data'!O18-'Raw OI Data'!P18 | V33: ='Raw OI Data'!O19-'Raw OI Data'!P19 | W33: ='Raw OI Data'!O20-'Raw OI Data'!P20 | X33: ='Raw OI Data'!O21-'Raw OI Data'!P21 | Y33: ='Raw OI Data'!O22-'Raw OI Data'!P22
A34: L/S Ratio | B34: =IFERROR('Raw OI Data'!O3/'Raw OI Data'!P3,0) | C34: =IFERROR('Raw OI Data'!O4/'Raw OI Data'!P4,0) | D34: =IFERROR('Raw OI Data'!O5/'Raw OI Data'!P5,0) | E34: =IFERROR('Raw OI Data'!O6/'Raw OI Data'!P6,0) | G34: =IFERROR('Raw OI Data'!O7/'Raw OI Data'!P7,0) | H34: =IFERROR('Raw OI Data'!O8/'Raw OI Data'!P8,0) | I34: =IFERROR('Raw OI Data'!O9/'Raw OI Data'!P9,0) | J34: =IFERROR('Raw OI Data'!O10/'Raw OI Data'!P10,0) | L34: =IFERROR('Raw OI Data'!O11/'Raw OI Data'!P11,0) | M34: =IFERROR('Raw OI Data'!O12/'Raw OI Data'!P12,0) | N34: =IFERROR('Raw OI Data'!O13/'Raw OI Data'!P13,0) | O34: =IFERROR('Raw OI Data'!O14/'Raw OI Data'!P14,0) | Q34: =IFERROR('Raw OI Data'!O15/'Raw OI Data'!P15,0) | R34: =IFERROR('Raw OI Data'!O16/'Raw OI Data'!P16,0) | S34: =IFERROR('Raw OI Data'!O17/'Raw OI Data'!P17,0) | T34: =IFERROR('Raw OI Data'!O18/'Raw OI Data'!P18,0) | V34: =IFERROR('Raw OI Data'!O19/'Raw OI Data'!P19,0) | W34: =IFERROR('Raw OI Data'!O20/'Raw OI Data'!P20,0) | X34: =IFERROR('Raw OI Data'!O21/'Raw OI Data'!P21,0) | Y34: =IFERROR('Raw OI Data'!O22/'Raw OI Data'!P22,0)
A35: % of Mkt Long | B35: =IFERROR('Raw OI Data'!O3/SUM('Raw OI Data'!O3,'Raw OI Data'!O4,'Raw OI Data'!O5,'Raw OI Data'!O6),0) | C35: =IFERROR('Raw OI Data'!O4/SUM('Raw OI Data'!O3,'Raw OI Data'!O4,'Raw OI Data'!O5,'Raw OI Data'!O6),0) | D35: =IFERROR('Raw OI Data'!O5/SUM('Raw OI Data'!O3,'Raw OI Data'!O4,'Raw OI Data'!O5,'Raw OI Data'!O6),0) | E35: =IFERROR('Raw OI Data'!O6/SUM('Raw OI Data'!O3,'Raw OI Data'!O4,'Raw OI Data'!O5,'Raw OI Data'!O6),0) | G35: =IFERROR('Raw OI Data'!O7/SUM('Raw OI Data'!O7,'Raw OI Data'!O8,'Raw OI Data'!O9,'Raw OI Data'!O10),0) | H35: =IFERROR('Raw OI Data'!O8/SUM('Raw OI Data'!O7,'Raw OI Data'!O8,'Raw OI Data'!O9,'Raw OI Data'!O10),0) | I35: =IFERROR('Raw OI Data'!O9/SUM('Raw OI Data'!O7,'Raw OI Data'!O8,'Raw OI Data'!O9,'Raw OI Data'!O10),0) | J35: =IFERROR('Raw OI Data'!O10/SUM('Raw OI Data'!O7,'Raw OI Data'!O8,'Raw OI Data'!O9,'Raw OI Data'!O10),0) | L35: =IFERROR('Raw OI Data'!O11/SUM('Raw OI Data'!O11,'Raw OI Data'!O12,'Raw OI Data'!O13,'Raw OI Data'!O14),0) | M35: =IFERROR('Raw OI Data'!O12/SUM('Raw OI Data'!O11,'Raw OI Data'!O12,'Raw OI Data'!O13,'Raw OI Data'!O14),0) | N35: =IFERROR('Raw OI Data'!O13/SUM('Raw OI Data'!O11,'Raw OI Data'!O12,'Raw OI Data'!O13,'Raw OI Data'!O14),0) | O35: =IFERROR('Raw OI Data'!O14/SUM('Raw OI Data'!O11,'Raw OI Data'!O12,'Raw OI Data'!O13,'Raw OI Data'!O14),0) | Q35: =IFERROR('Raw OI Data'!O15/SUM('Raw OI Data'!O15,'Raw OI Data'!O16,'Raw OI Data'!O17,'Raw OI Data'!O18),0) | R35: =IFERROR('Raw OI Data'!O16/SUM('Raw OI Data'!O15,'Raw OI Data'!O16,'Raw OI Data'!O17,'Raw OI Data'!O18),0) | S35: =IFERROR('Raw OI Data'!O17/SUM('Raw OI Data'!O15,'Raw OI Data'!O16,'Raw OI Data'!O17,'Raw OI Data'!O18),0) | T35: =IFERROR('Raw OI Data'!O18/SUM('Raw OI Data'!O15,'Raw OI Data'!O16,'Raw OI Data'!O17,'Raw OI Data'!O18),0) | V35: =IFERROR('Raw OI Data'!O19/SUM('Raw OI Data'!O19,'Raw OI Data'!O20,'Raw OI Data'!O21,'Raw OI Data'!O22),0) | W35: =IFERROR('Raw OI Data'!O20/SUM('Raw OI Data'!O19,'Raw OI Data'!O20,'Raw OI Data'!O21,'Raw OI Data'!O22),0) | X35: =IFERROR('Raw OI Data'!O21/SUM('Raw OI Data'!O19,'Raw OI Data'!O20,'Raw OI Data'!O21,'Raw OI Data'!O22),0) | Y35: =IFERROR('Raw OI Data'!O22/SUM('Raw OI Data'!O19,'Raw OI Data'!O20,'Raw OI Data'!O21,'Raw OI Data'!O22),0)
A36: % of Mkt Short | B36: =IFERROR('Raw OI Data'!P3/SUM('Raw OI Data'!P3,'Raw OI Data'!P4,'Raw OI Data'!P5,'Raw OI Data'!P6),0) | C36: =IFERROR('Raw OI Data'!P4/SUM('Raw OI Data'!P3,'Raw OI Data'!P4,'Raw OI Data'!P5,'Raw OI Data'!P6),0) | D36: =IFERROR('Raw OI Data'!P5/SUM('Raw OI Data'!P3,'Raw OI Data'!P4,'Raw OI Data'!P5,'Raw OI Data'!P6),0) | E36: =IFERROR('Raw OI Data'!P6/SUM('Raw OI Data'!P3,'Raw OI Data'!P4,'Raw OI Data'!P5,'Raw OI Data'!P6),0) | G36: =IFERROR('Raw OI Data'!P7/SUM('Raw OI Data'!P7,'Raw OI Data'!P8,'Raw OI Data'!P9,'Raw OI Data'!P10),0) | H36: =IFERROR('Raw OI Data'!P8/SUM('Raw OI Data'!P7,'Raw OI Data'!P8,'Raw OI Data'!P9,'Raw OI Data'!P10),0) | I36: =IFERROR('Raw OI Data'!P9/SUM('Raw OI Data'!P7,'Raw OI Data'!P8,'Raw OI Data'!P9,'Raw OI Data'!P10),0) | J36: =IFERROR('Raw OI Data'!P10/SUM('Raw OI Data'!P7,'Raw OI Data'!P8,'Raw OI Data'!P9,'Raw OI Data'!P10),0) | L36: =IFERROR('Raw OI Data'!P11/SUM('Raw OI Data'!P11,'Raw OI Data'!P12,'Raw OI Data'!P13,'Raw OI Data'!P14),0) | M36: =IFERROR('Raw OI Data'!P12/SUM('Raw OI Data'!P11,'Raw OI Data'!P12,'Raw OI Data'!P13,'Raw OI Data'!P14),0) | N36: =IFERROR('Raw OI Data'!P13/SUM('Raw OI Data'!P11,'Raw OI Data'!P12,'Raw OI Data'!P13,'Raw OI Data'!P14),0) | O36: =IFERROR('Raw OI Data'!P14/SUM('Raw OI Data'!P11,'Raw OI Data'!P12,'Raw OI Data'!P13,'Raw OI Data'!P14),0) | Q36: =IFERROR('Raw OI Data'!P15/SUM('Raw OI Data'!P15,'Raw OI Data'!P16,'Raw OI Data'!P17,'Raw OI Data'!P18),0) | R36: =IFERROR('Raw OI Data'!P16/SUM('Raw OI Data'!P15,'Raw OI Data'!P16,'Raw OI Data'!P17,'Raw OI Data'!P18),0) | S36: =IFERROR('Raw OI Data'!P17/SUM('Raw OI Data'!P15,'Raw OI Data'!P16,'Raw OI Data'!P17,'Raw OI Data'!P18),0) | T36: =IFERROR('Raw OI Data'!P18/SUM('Raw OI Data'!P15,'Raw OI Data'!P16,'Raw OI Data'!P17,'Raw OI Data'!P18),0) | V36: =IFERROR('Raw OI Data'!P19/SUM('Raw OI Data'!P19,'Raw OI Data'!P20,'Raw OI Data'!P21,'Raw OI Data'!P22),0) | W36: =IFERROR('Raw OI Data'!P20/SUM('Raw OI Data'!P19,'Raw OI Data'!P20,'Raw OI Data'!P21,'Raw OI Data'!P22),0) | X36: =IFERROR('Raw OI Data'!P21/SUM('Raw OI Data'!P19,'Raw OI Data'!P20,'Raw OI Data'!P21,'Raw OI Data'!P22),0) | Y36: =IFERROR('Raw OI Data'!P22/SUM('Raw OI Data'!P19,'Raw OI Data'!P20,'Raw OI Data'!P21,'Raw OI Data'!P22),0)

Sheet TV Dashboard
A1: NSE FAO — TV Dashboard
A2: Metric | B2: Jul 06 2026 | G2: Jul 07 2026 | L2: Jul 08 2026 | Q2: Jul 09 2026 | V2: Jul 10 2026
B3: Client | C3: DII | D3: FII | E3: Pro | G3: Client | H3: DII | I3: FII | J3: Pro | L3: Client | M3: DII | N3: FII | O3: Pro | Q3: Client | R3: DII | S3: FII | T3: Pro | V3: Client | W3: DII | X3: FII | Y3: Pro
A4: FUTURES — INDEX
A5: Buy Volume | B5: ='Raw TV Data'!C3 | C5: ='Raw TV Data'!C4 | D5: ='Raw TV Data'!C5 | E5: ='Raw TV Data'!C6 | G5: ='Raw TV Data'!C7 | H5: ='Raw TV Data'!C8 | I5: ='Raw TV Data'!C9 | J5: ='Raw TV Data'!C10 | L5: ='Raw TV Data'!C11 | M5: ='Raw TV Data'!C12 | N5: ='Raw TV Data'!C13 | O5: ='Raw TV Data'!C14 | Q5: ='Raw TV Data'!C15 | R5: ='Raw TV Data'!C16 | S5: ='Raw TV Data'!C17 | T5: ='Raw TV Data'!C18 | V5: ='Raw TV Data'!C19 | W5: ='Raw TV Data'!C20 | X5: ='Raw TV Data'!C21 | Y5: ='Raw TV Data'!C22
A6: Sell Volume | B6: ='Raw TV Data'!D3 | C6: ='Raw TV Data'!D4 | D6: ='Raw TV Data'!D5 | E6: ='Raw TV Data'!D6 | G6: ='Raw TV Data'!D7 | H6: ='Raw TV Data'!D8 | I6: ='Raw TV Data'!D9 | J6: ='Raw TV Data'!D10 | L6: ='Raw TV Data'!D11 | M6: ='Raw TV Data'!D12 | N6: ='Raw TV Data'!D13 | O6: ='Raw TV Data'!D14 | Q6: ='Raw TV Data'!D15 | R6: ='Raw TV Data'!D16 | S6: ='Raw TV Data'!D17 | T6: ='Raw TV Data'!D18 | V6: ='Raw TV Data'!D19 | W6: ='Raw TV Data'!D20 | X6: ='Raw TV Data'!D21 | Y6: ='Raw TV Data'!D22
A7: Net Volume (B−S) | B7: ='Raw TV Data'!C3-'Raw TV Data'!D3 | C7: ='Raw TV Data'!C4-'Raw TV Data'!D4 | D7: ='Raw TV Data'!C5-'Raw TV Data'!D5 | E7: ='Raw TV Data'!C6-'Raw TV Data'!D6 | G7: ='Raw TV Data'!C7-'Raw TV Data'!D7 | H7: ='Raw TV Data'!C8-'Raw TV Data'!D8 | I7: ='Raw TV Data'!C9-'Raw TV Data'!D9 | J7: ='Raw TV Data'!C10-'Raw TV Data'!D10 | L7: ='Raw TV Data'!C11-'Raw TV Data'!D11 | M7: ='Raw TV Data'!C12-'Raw TV Data'!D12 | N7: ='Raw TV Data'!C13-'Raw TV Data'!D13 | O7: ='Raw TV Data'!C14-'Raw TV Data'!D14 | Q7: ='Raw TV Data'!C15-'Raw TV Data'!D15 | R7: ='Raw TV Data'!C16-'Raw TV Data'!D16 | S7: ='Raw TV Data'!C17-'Raw TV Data'!D17 | T7: ='Raw TV Data'!C18-'Raw TV Data'!D18 | V7: ='Raw TV Data'!C19-'Raw TV Data'!D19 | W7: ='Raw TV Data'!C20-'Raw TV Data'!D20 | X7: ='Raw TV Data'!C21-'Raw TV Data'!D21 | Y7: ='Raw TV Data'!C22-'Raw TV Data'!D22
A8: FUTURES — STOCK
A9: Buy Volume | B9: ='Raw TV Data'!E3 | C9: ='Raw TV Data'!E4 | D9: ='Raw TV Data'!E5 | E9: ='Raw TV Data'!E6 | G9: ='Raw TV Data'!E7 | H9: ='Raw TV Data'!E8 | I9: ='Raw TV Data'!E9 | J9: ='Raw TV Data'!E10 | L9: ='Raw TV Data'!E11 | M9: ='Raw TV Data'!E12 | N9: ='Raw TV Data'!E13 | O9: ='Raw TV Data'!E14 | Q9: ='Raw TV Data'!E15 | R9: ='Raw TV Data'!E16 | S9: ='Raw TV Data'!E17 | T9: ='Raw TV Data'!E18 | V9: ='Raw TV Data'!E19 | W9: ='Raw TV Data'!E20 | X9: ='Raw TV Data'!E21 | Y9: ='Raw TV Data'!E22
A10: Sell Volume | B10: ='Raw TV Data'!F3 | C10: ='Raw TV Data'!F4 | D10: ='Raw TV Data'!F5 | E10: ='Raw TV Data'!F6 | G10: ='Raw TV Data'!F7 | H10: ='Raw TV Data'!F8 | I10: ='Raw TV Data'!F9 | J10: ='Raw TV Data'!F10 | L10: ='Raw TV Data'!F11 | M10: ='Raw TV Data'!F12 | N10: ='Raw TV Data'!F13 | O10: ='Raw TV Data'!F14 | Q10: ='Raw TV Data'!F15 | R10: ='Raw TV Data'!F16 | S10: ='Raw TV Data'!F17 | T10: ='Raw TV Data'!F18 | V10: ='Raw TV Data'!F19 | W10: ='Raw TV Data'!F20 | X10: ='Raw TV Data'!F21 | Y10: ='Raw TV Data'!F22
A11: Net Volume (B−S) | B11: ='Raw TV Data'!E3-'Raw TV Data'!F3 | C11: ='Raw TV Data'!E4-'Raw TV Data'!F4 | D11: ='Raw TV Data'!E5-'Raw TV Data'!F5 | E11: ='Raw TV Data'!E6-'Raw TV Data'!F6 | G11: ='Raw TV Data'!E7-'Raw TV Data'!F7 | H11: ='Raw TV Data'!E8-'Raw TV Data'!F8 | I11: ='Raw TV Data'!E9-'Raw TV Data'!F9 | J11: ='Raw TV Data'!E10-'Raw TV Data'!F10 | L11: ='Raw TV Data'!E11-'Raw TV Data'!F11 | M11: ='Raw TV Data'!E12-'Raw TV Data'!F12 | N11: ='Raw TV Data'!E13-'Raw TV Data'!F13 | O11: ='Raw TV Data'!E14-'Raw TV Data'!F14 | Q11: ='Raw TV Data'!E15-'Raw TV Data'!F15 | R11: ='Raw TV Data'!E16-'Raw TV Data'!F16 | S11: ='Raw TV Data'!E17-'Raw TV Data'!F17 | T11: ='Raw TV Data'!E18-'Raw TV Data'!F18 | V11: ='Raw TV Data'!E19-'Raw TV Data'!F19 | W11: ='Raw TV Data'!E20-'Raw TV Data'!F20 | X11: ='Raw TV Data'!E21-'Raw TV Data'!F21 | Y11: ='Raw TV Data'!E22-'Raw TV Data'!F22
A12: OPTIONS — INDEX
A13: Call Buy Volume | B13: ='Raw TV Data'!G3 | C13: ='Raw TV Data'!G4 | D13: ='Raw TV Data'!G5 | E13: ='Raw TV Data'!G6 | G13: ='Raw TV Data'!G7 | H13: ='Raw TV Data'!G8 | I13: ='Raw TV Data'!G9 | J13: ='Raw TV Data'!G10 | L13: ='Raw TV Data'!G11 | M13: ='Raw TV Data'!G12 | N13: ='Raw TV Data'!G13 | O13: ='Raw TV Data'!G14 | Q13: ='Raw TV Data'!G15 | R13: ='Raw TV Data'!G16 | S13: ='Raw TV Data'!G17 | T13: ='Raw TV Data'!G18 | V13: ='Raw TV Data'!G19 | W13: ='Raw TV Data'!G20 | X13: ='Raw TV Data'!G21 | Y13: ='Raw TV Data'!G22
A14: Put Buy Volume | B14: ='Raw TV Data'!H3 | C14: ='Raw TV Data'!H4 | D14: ='Raw TV Data'!H5 | E14: ='Raw TV Data'!H6 | G14: ='Raw TV Data'!H7 | H14: ='Raw TV Data'!H8 | I14: ='Raw TV Data'!H9 | J14: ='Raw TV Data'!H10 | L14: ='Raw TV Data'!H11 | M14: ='Raw TV Data'!H12 | N14: ='Raw TV Data'!H13 | O14: ='Raw TV Data'!H14 | Q14: ='Raw TV Data'!H15 | R14: ='Raw TV Data'!H16 | S14: ='Raw TV Data'!H17 | T14: ='Raw TV Data'!H18 | V14: ='Raw TV Data'!H19 | W14: ='Raw TV Data'!H20 | X14: ='Raw TV Data'!H21 | Y14: ='Raw TV Data'!H22
A15: Volume PCR | B15: =IFERROR('Raw TV Data'!H3/'Raw TV Data'!G3,0) | C15: =IFERROR('Raw TV Data'!H4/'Raw TV Data'!G4,0) | D15: =IFERROR('Raw TV Data'!H5/'Raw TV Data'!G5,0) | E15: =IFERROR('Raw TV Data'!H6/'Raw TV Data'!G6,0) | G15: =IFERROR('Raw TV Data'!H7/'Raw TV Data'!G7,0) | H15: =IFERROR('Raw TV Data'!H8/'Raw TV Data'!G8,0) | I15: =IFERROR('Raw TV Data'!H9/'Raw TV Data'!G9,0) | J15: =IFERROR('Raw TV Data'!H10/'Raw TV Data'!G10,0) | L15: =IFERROR('Raw TV Data'!H11/'Raw TV Data'!G11,0) | M15: =IFERROR('Raw TV Data'!H12/'Raw TV Data'!G12,0) | N15: =IFERROR('Raw TV Data'!H13/'Raw TV Data'!G13,0) | O15: =IFERROR('Raw TV Data'!H14/'Raw TV Data'!G14,0) | Q15: =IFERROR('Raw TV Data'!H15/'Raw TV Data'!G15,0) | R15: =IFERROR('Raw TV Data'!H16/'Raw TV Data'!G16,0) | S15: =IFERROR('Raw TV Data'!H17/'Raw TV Data'!G17,0) | T15: =IFERROR('Raw TV Data'!H18/'Raw TV Data'!G18,0) | V15: =IFERROR('Raw TV Data'!H19/'Raw TV Data'!G19,0) | W15: =IFERROR('Raw TV Data'!H20/'Raw TV Data'!G20,0) | X15: =IFERROR('Raw TV Data'!H21/'Raw TV Data'!G21,0) | Y15: =IFERROR('Raw TV Data'!H22/'Raw TV Data'!G22,0)
A16: Call Sell Volume | B16: ='Raw TV Data'!I3 | C16: ='Raw TV Data'!I4 | D16: ='Raw TV Data'!I5 | E16: ='Raw TV Data'!I6 | G16: ='Raw TV Data'!I7 | H16: ='Raw TV Data'!I8 | I16: ='Raw TV Data'!I9 | J16: ='Raw TV Data'!I10 | L16: ='Raw TV Data'!I11 | M16: ='Raw TV Data'!I12 | N16: ='Raw TV Data'!I13 | O16: ='Raw TV Data'!I14 | Q16: ='Raw TV Data'!I15 | R16: ='Raw TV Data'!I16 | S16: ='Raw TV Data'!I17 | T16: ='Raw TV Data'!I18 | V16: ='Raw TV Data'!I19 | W16: ='Raw TV Data'!I20 | X16: ='Raw TV Data'!I21 | Y16: ='Raw TV Data'!I22
A17: Put Sell Volume | B17: ='Raw TV Data'!J3 | C17: ='Raw TV Data'!J4 | D17: ='Raw TV Data'!J5 | E17: ='Raw TV Data'!J6 | G17: ='Raw TV Data'!J7 | H17: ='Raw TV Data'!J8 | I17: ='Raw TV Data'!J9 | J17: ='Raw TV Data'!J10 | L17: ='Raw TV Data'!J11 | M17: ='Raw TV Data'!J12 | N17: ='Raw TV Data'!J13 | O17: ='Raw TV Data'!J14 | Q17: ='Raw TV Data'!J15 | R17: ='Raw TV Data'!J16 | S17: ='Raw TV Data'!J17 | T17: ='Raw TV Data'!J18 | V17: ='Raw TV Data'!J19 | W17: ='Raw TV Data'!J20 | X17: ='Raw TV Data'!J21 | Y17: ='Raw TV Data'!J22
A18: OPTIONS — STOCK
A19: Call Buy Volume | B19: ='Raw TV Data'!K3 | C19: ='Raw TV Data'!K4 | D19: ='Raw TV Data'!K5 | E19: ='Raw TV Data'!K6 | G19: ='Raw TV Data'!K7 | H19: ='Raw TV Data'!K8 | I19: ='Raw TV Data'!K9 | J19: ='Raw TV Data'!K10 | L19: ='Raw TV Data'!K11 | M19: ='Raw TV Data'!K12 | N19: ='Raw TV Data'!K13 | O19: ='Raw TV Data'!K14 | Q19: ='Raw TV Data'!K15 | R19: ='Raw TV Data'!K16 | S19: ='Raw TV Data'!K17 | T19: ='Raw TV Data'!K18 | V19: ='Raw TV Data'!K19 | W19: ='Raw TV Data'!K20 | X19: ='Raw TV Data'!K21 | Y19: ='Raw TV Data'!K22
A20: Put Buy Volume | B20: ='Raw TV Data'!L3 | C20: ='Raw TV Data'!L4 | D20: ='Raw TV Data'!L5 | E20: ='Raw TV Data'!L6 | G20: ='Raw TV Data'!L7 | H20: ='Raw TV Data'!L8 | I20: ='Raw TV Data'!L9 | J20: ='Raw TV Data'!L10 | L20: ='Raw TV Data'!L11 | M20: ='Raw TV Data'!L12 | N20: ='Raw TV Data'!L13 | O20: ='Raw TV Data'!L14 | Q20: ='Raw TV Data'!L15 | R20: ='Raw TV Data'!L16 | S20: ='Raw TV Data'!L17 | T20: ='Raw TV Data'!L18 | V20: ='Raw TV Data'!L19 | W20: ='Raw TV Data'!L20 | X20: ='Raw TV Data'!L21 | Y20: ='Raw TV Data'!L22
A21: Volume PCR | B21: =IFERROR('Raw TV Data'!L3/'Raw TV Data'!K3,0) | C21: =IFERROR('Raw TV Data'!L4/'Raw TV Data'!K4,0) | D21: =IFERROR('Raw TV Data'!L5/'Raw TV Data'!K5,0) | E21: =IFERROR('Raw TV Data'!L6/'Raw TV Data'!K6,0) | G21: =IFERROR('Raw TV Data'!L7/'Raw TV Data'!K7,0) | H21: =IFERROR('Raw TV Data'!L8/'Raw TV Data'!K8,0) | I21: =IFERROR('Raw TV Data'!L9/'Raw TV Data'!K9,0) | J21: =IFERROR('Raw TV Data'!L10/'Raw TV Data'!K10,0) | L21: =IFERROR('Raw TV Data'!L11/'Raw TV Data'!K11,0) | M21: =IFERROR('Raw TV Data'!L12/'Raw TV Data'!K12,0) | N21: =IFERROR('Raw TV Data'!L13/'Raw TV Data'!K13,0) | O21: =IFERROR('Raw TV Data'!L14/'Raw TV Data'!K14,0) | Q21: =IFERROR('Raw TV Data'!L15/'Raw TV Data'!K15,0) | R21: =IFERROR('Raw TV Data'!L16/'Raw TV Data'!K16,0) | S21: =IFERROR('Raw TV Data'!L17/'Raw TV Data'!K17,0) | T21: =IFERROR('Raw TV Data'!L18/'Raw TV Data'!K18,0) | V21: =IFERROR('Raw TV Data'!L19/'Raw TV Data'!K19,0) | W21: =IFERROR('Raw TV Data'!L20/'Raw TV Data'!K20,0) | X21: =IFERROR('Raw TV Data'!L21/'Raw TV Data'!K21,0) | Y21: =IFERROR('Raw TV Data'!L22/'Raw TV Data'!K22,0)
A22: Call Sell Volume | B22: ='Raw TV Data'!M3 | C22: ='Raw TV Data'!M4 | D22: ='Raw TV Data'!M5 | E22: ='Raw TV Data'!M6 | G22: ='Raw TV Data'!M7 | H22: ='Raw TV Data'!M8 | I22: ='Raw TV Data'!M9 | J22: ='Raw TV Data'!M10 | L22: ='Raw TV Data'!M11 | M22: ='Raw TV Data'!M12 | N22: ='Raw TV Data'!M13 | O22: ='Raw TV Data'!M14 | Q22: ='Raw TV Data'!M15 | R22: ='Raw TV Data'!M16 | S22: ='Raw TV Data'!M17 | T22: ='Raw TV Data'!M18 | V22: ='Raw TV Data'!M19 | W22: ='Raw TV Data'!M20 | X22: ='Raw TV Data'!M21 | Y22: ='Raw TV Data'!M22
A23: Put Sell Volume | B23: ='Raw TV Data'!N3 | C23: ='Raw TV Data'!N4 | D23: ='Raw TV Data'!N5 | E23: ='Raw TV Data'!N6 | G23: ='Raw TV Data'!N7 | H23: ='Raw TV Data'!N8 | I23: ='Raw TV Data'!N9 | J23: ='Raw TV Data'!N10 | L23: ='Raw TV Data'!N11 | M23: ='Raw TV Data'!N12 | N23: ='Raw TV Data'!N13 | O23: ='Raw TV Data'!N14 | Q23: ='Raw TV Data'!N15 | R23: ='Raw TV Data'!N16 | S23: ='Raw TV Data'!N17 | T23: ='Raw TV Data'!N18 | V23: ='Raw TV Data'!N19 | W23: ='Raw TV Data'!N20 | X23: ='Raw TV Data'!N21 | Y23: ='Raw TV Data'!N22
A24: TOTAL VOLUME
A25: Total Buy | B25: ='Raw TV Data'!O3 | C25: ='Raw TV Data'!O4 | D25: ='Raw TV Data'!O5 | E25: ='Raw TV Data'!O6 | G25: ='Raw TV Data'!O7 | H25: ='Raw TV Data'!O8 | I25: ='Raw TV Data'!O9 | J25: ='Raw TV Data'!O10 | L25: ='Raw TV Data'!O11 | M25: ='Raw TV Data'!O12 | N25: ='Raw TV Data'!O13 | O25: ='Raw TV Data'!O14 | Q25: ='Raw TV Data'!O15 | R25: ='Raw TV Data'!O16 | S25: ='Raw TV Data'!O17 | T25: ='Raw TV Data'!O18 | V25: ='Raw TV Data'!O19 | W25: ='Raw TV Data'!O20 | X25: ='Raw TV Data'!O21 | Y25: ='Raw TV Data'!O22
A26: Total Sell | B26: ='Raw TV Data'!P3 | C26: ='Raw TV Data'!P4 | D26: ='Raw TV Data'!P5 | E26: ='Raw TV Data'!P6 | G26: ='Raw TV Data'!P7 | H26: ='Raw TV Data'!P8 | I26: ='Raw TV Data'!P9 | J26: ='Raw TV Data'!P10 | L26: ='Raw TV Data'!P11 | M26: ='Raw TV Data'!P12 | N26: ='Raw TV Data'!P13 | O26: ='Raw TV Data'!P14 | Q26: ='Raw TV Data'!P15 | R26: ='Raw TV Data'!P16 | S26: ='Raw TV Data'!P17 | T26: ='Raw TV Data'!P18 | V26: ='Raw TV Data'!P19 | W26: ='Raw TV Data'!P20 | X26: ='Raw TV Data'!P21 | Y26: ='Raw TV Data'!P22
A27: Net Volume | B27: ='Raw TV Data'!O3-'Raw TV Data'!P3 | C27: ='Raw TV Data'!O4-'Raw TV Data'!P4 | D27: ='Raw TV Data'!O5-'Raw TV Data'!P5 | E27: ='Raw TV Data'!O6-'Raw TV Data'!P6 | G27: ='Raw TV Data'!O7-'Raw TV Data'!P7 | H27: ='Raw TV Data'!O8-'Raw TV Data'!P8 | I27: ='Raw TV Data'!O9-'Raw TV Data'!P9 | J27: ='Raw TV Data'!O10-'Raw TV Data'!P10 | L27: ='Raw TV Data'!O11-'Raw TV Data'!P11 | M27: ='Raw TV Data'!O12-'Raw TV Data'!P12 | N27: ='Raw TV Data'!O13-'Raw TV Data'!P13 | O27: ='Raw TV Data'!O14-'Raw TV Data'!P14 | Q27: ='Raw TV Data'!O15-'Raw TV Data'!P15 | R27: ='Raw TV Data'!O16-'Raw TV Data'!P16 | S27: ='Raw TV Data'!O17-'Raw TV Data'!P17 | T27: ='Raw TV Data'!O18-'Raw TV Data'!P18 | V27: ='Raw TV Data'!O19-'Raw TV Data'!P19 | W27: ='Raw TV Data'!O20-'Raw TV Data'!P20 | X27: ='Raw TV Data'!O21-'Raw TV Data'!P21 | Y27: ='Raw TV Data'!O22-'Raw TV Data'!P22
A28: % of Market Buy | B28: =IFERROR('Raw TV Data'!O3/SUM('Raw TV Data'!O3,'Raw TV Data'!O4,'Raw TV Data'!O5,'Raw TV Data'!O6),0) | C28: =IFERROR('Raw TV Data'!O4/SUM('Raw TV Data'!O3,'Raw TV Data'!O4,'Raw TV Data'!O5,'Raw TV Data'!O6),0) | D28: =IFERROR('Raw TV Data'!O5/SUM('Raw TV Data'!O3,'Raw TV Data'!O4,'Raw TV Data'!O5,'Raw TV Data'!O6),0) | E28: =IFERROR('Raw TV Data'!O6/SUM('Raw TV Data'!O3,'Raw TV Data'!O4,'Raw TV Data'!O5,'Raw TV Data'!O6),0) | G28: =IFERROR('Raw TV Data'!O7/SUM('Raw TV Data'!O7,'Raw TV Data'!O8,'Raw TV Data'!O9,'Raw TV Data'!O10),0) | H28: =IFERROR('Raw TV Data'!O8/SUM('Raw TV Data'!O7,'Raw TV Data'!O8,'Raw TV Data'!O9,'Raw TV Data'!O10),0) | I28: =IFERROR('Raw TV Data'!O9/SUM('Raw TV Data'!O7,'Raw TV Data'!O8,'Raw TV Data'!O9,'Raw TV Data'!O10),0) | J28: =IFERROR('Raw TV Data'!O10/SUM('Raw TV Data'!O7,'Raw TV Data'!O8,'Raw TV Data'!O9,'Raw TV Data'!O10),0) | L28: =IFERROR('Raw TV Data'!O11/SUM('Raw TV Data'!O11,'Raw TV Data'!O12,'Raw TV Data'!O13,'Raw TV Data'!O14),0) | M28: =IFERROR('Raw TV Data'!O12/SUM('Raw TV Data'!O11,'Raw TV Data'!O12,'Raw TV Data'!O13,'Raw TV Data'!O14),0) | N28: =IFERROR('Raw TV Data'!O13/SUM('Raw TV Data'!O11,'Raw TV Data'!O12,'Raw TV Data'!O13,'Raw TV Data'!O14),0) | O28: =IFERROR('Raw TV Data'!O14/SUM('Raw TV Data'!O11,'Raw TV Data'!O12,'Raw TV Data'!O13,'Raw TV Data'!O14),0) | Q28: =IFERROR('Raw TV Data'!O15/SUM('Raw TV Data'!O15,'Raw TV Data'!O16,'Raw TV Data'!O17,'Raw TV Data'!O18),0) | R28: =IFERROR('Raw TV Data'!O16/SUM('Raw TV Data'!O15,'Raw TV Data'!O16,'Raw TV Data'!O17,'Raw TV Data'!O18),0) | S28: =IFERROR('Raw TV Data'!O17/SUM('Raw TV Data'!O15,'Raw TV Data'!O16,'Raw TV Data'!O17,'Raw TV Data'!O18),0) | T28: =IFERROR('Raw TV Data'!O18/SUM('Raw TV Data'!O15,'Raw TV Data'!O16,'Raw TV Data'!O17,'Raw TV Data'!O18),0) | V28: =IFERROR('Raw TV Data'!O19/SUM('Raw TV Data'!O19,'Raw TV Data'!O20,'Raw TV Data'!O21,'Raw TV Data'!O22),0) | W28: =IFERROR('Raw TV Data'!O20/SUM('Raw TV Data'!O19,'Raw TV Data'!O20,'Raw TV Data'!O21,'Raw TV Data'!O22),0) | X28: =IFERROR('Raw TV Data'!O21/SUM('Raw TV Data'!O19,'Raw TV Data'!O20,'Raw TV Data'!O21,'Raw TV Data'!O22),0) | Y28: =IFERROR('Raw TV Data'!O22/SUM('Raw TV Data'!O19,'Raw TV Data'!O20,'Raw TV Data'!O21,'Raw TV Data'!O22),0)

Sheet Net OI & Bias
A1: NSE FAO — Net OI & Market Bias by Participant
A2: Metric | B2: Jul 06 2026 | G2: Jul 07 2026 | L2: Jul 08 2026 | Q2: Jul 09 2026 | V2: Jul 10 2026
B3: Client | C3: DII | D3: FII | E3: Pro | G3: Client | H3: DII | I3: FII | J3: Pro | L3: Client | M3: DII | N3: FII | O3: Pro | Q3: Client | R3: DII | S3: FII | T3: Pro | V3: Client | W3: DII | X3: FII | Y3: Pro
A4: NET OPEN INTEREST (Long − Short)
A5: Net Fut Index OI | B5: ='Raw OI Data'!C3-'Raw OI Data'!D3 | C5: ='Raw OI Data'!C4-'Raw OI Data'!D4 | D5: ='Raw OI Data'!C5-'Raw OI Data'!D5 | E5: ='Raw OI Data'!C6-'Raw OI Data'!D6 | G5: ='Raw OI Data'!C7-'Raw OI Data'!D7 | H5: ='Raw OI Data'!C8-'Raw OI Data'!D8 | I5: ='Raw OI Data'!C9-'Raw OI Data'!D9 | J5: ='Raw OI Data'!C10-'Raw OI Data'!D10 | L5: ='Raw OI Data'!C11-'Raw OI Data'!D11 | M5: ='Raw OI Data'!C12-'Raw OI Data'!D12 | N5: ='Raw OI Data'!C13-'Raw OI Data'!D13 | O5: ='Raw OI Data'!C14-'Raw OI Data'!D14 | Q5: ='Raw OI Data'!C15-'Raw OI Data'!D15 | R5: ='Raw OI Data'!C16-'Raw OI Data'!D16 | S5: ='Raw OI Data'!C17-'Raw OI Data'!D17 | T5: ='Raw OI Data'!C18-'Raw OI Data'!D18 | V5: ='Raw OI Data'!C19-'Raw OI Data'!D19 | W5: ='Raw OI Data'!C20-'Raw OI Data'!D20 | X5: ='Raw OI Data'!C21-'Raw OI Data'!D21 | Y5: ='Raw OI Data'!C22-'Raw OI Data'!D22
A6: Net Fut Stock OI | B6: ='Raw OI Data'!E3-'Raw OI Data'!F3 | C6: ='Raw OI Data'!E4-'Raw OI Data'!F4 | D6: ='Raw OI Data'!E5-'Raw OI Data'!F5 | E6: ='Raw OI Data'!E6-'Raw OI Data'!F6 | G6: ='Raw OI Data'!E7-'Raw OI Data'!F7 | H6: ='Raw OI Data'!E8-'Raw OI Data'!F8 | I6: ='Raw OI Data'!E9-'Raw OI Data'!F9 | J6: ='Raw OI Data'!E10-'Raw OI Data'!F10 | L6: ='Raw OI Data'!E11-'Raw OI Data'!F11 | M6: ='Raw OI Data'!E12-'Raw OI Data'!F12 | N6: ='Raw OI Data'!E13-'Raw OI Data'!F13 | O6: ='Raw OI Data'!E14-'Raw OI Data'!F14 | Q6: ='Raw OI Data'!E15-'Raw OI Data'!F15 | R6: ='Raw OI Data'!E16-'Raw OI Data'!F16 | S6: ='Raw OI Data'!E17-'Raw OI Data'!F17 | T6: ='Raw OI Data'!E18-'Raw OI Data'!F18 | V6: ='Raw OI Data'!E19-'Raw OI Data'!F19 | W6: ='Raw OI Data'!E20-'Raw OI Data'!F20 | X6: ='Raw OI Data'!E21-'Raw OI Data'!F21 | Y6: ='Raw OI Data'!E22-'Raw OI Data'!F22
A7: Net Futures OI | B7: =('Raw OI Data'!C3+'Raw OI Data'!E3)-('Raw OI Data'!D3+'Raw OI Data'!F3) | C7: =('Raw OI Data'!C4+'Raw OI Data'!E4)-('Raw OI Data'!D4+'Raw OI Data'!F4) | D7: =('Raw OI Data'!C5+'Raw OI Data'!E5)-('Raw OI Data'!D5+'Raw OI Data'!F5) | E7: =('Raw OI Data'!C6+'Raw OI Data'!E6)-('Raw OI Data'!D6+'Raw OI Data'!F6) | G7: =('Raw OI Data'!C7+'Raw OI Data'!E7)-('Raw OI Data'!D7+'Raw OI Data'!F7) | H7: =('Raw OI Data'!C8+'Raw OI Data'!E8)-('Raw OI Data'!D8+'Raw OI Data'!F8) | I7: =('Raw OI Data'!C9+'Raw OI Data'!E9)-('Raw OI Data'!D9+'Raw OI Data'!F9) | J7: =('Raw OI Data'!C10+'Raw OI Data'!E10)-('Raw OI Data'!D10+'Raw OI Data'!F10) | L7: =('Raw OI Data'!C11+'Raw OI Data'!E11)-('Raw OI Data'!D11+'Raw OI Data'!F11) | M7: =('Raw OI Data'!C12+'Raw OI Data'!E12)-('Raw OI Data'!D12+'Raw OI Data'!F12) | N7: =('Raw OI Data'!C13+'Raw OI Data'!E13)-('Raw OI Data'!D13+'Raw OI Data'!F13) | O7: =('Raw OI Data'!C14+'Raw OI Data'!E14)-('Raw OI Data'!D14+'Raw OI Data'!F14) | Q7: =('Raw OI Data'!C15+'Raw OI Data'!E15)-('Raw OI Data'!D15+'Raw OI Data'!F15) | R7: =('Raw OI Data'!C16+'Raw OI Data'!E16)-('Raw OI Data'!D16+'Raw OI Data'!F16) | S7: =('Raw OI Data'!C17+'Raw OI Data'!E17)-('Raw OI Data'!D17+'Raw OI Data'!F17) | T7: =('Raw OI Data'!C18+'Raw OI Data'!E18)-('Raw OI Data'!D18+'Raw OI Data'!F18) | V7: =('Raw OI Data'!C19+'Raw OI Data'!E19)-('Raw OI Data'!D19+'Raw OI Data'!F19) | W7: =('Raw OI Data'!C20+'Raw OI Data'!E20)-('Raw OI Data'!D20+'Raw OI Data'!F20) | X7: =('Raw OI Data'!C21+'Raw OI Data'!E21)-('Raw OI Data'!D21+'Raw OI Data'!F21) | Y7: =('Raw OI Data'!C22+'Raw OI Data'!E22)-('Raw OI Data'!D22+'Raw OI Data'!F22)
A8: Net Idx Call OI | B8: ='Raw OI Data'!G3-'Raw OI Data'!I3 | C8: ='Raw OI Data'!G4-'Raw OI Data'!I4 | D8: ='Raw OI Data'!G5-'Raw OI Data'!I5 | E8: ='Raw OI Data'!G6-'Raw OI Data'!I6 | G8: ='Raw OI Data'!G7-'Raw OI Data'!I7 | H8: ='Raw OI Data'!G8-'Raw OI Data'!I8 | I8: ='Raw OI Data'!G9-'Raw OI Data'!I9 | J8: ='Raw OI Data'!G10-'Raw OI Data'!I10 | L8: ='Raw OI Data'!G11-'Raw OI Data'!I11 | M8: ='Raw OI Data'!G12-'Raw OI Data'!I12 | N8: ='Raw OI Data'!G13-'Raw OI Data'!I13 | O8: ='Raw OI Data'!G14-'Raw OI Data'!I14 | Q8: ='Raw OI Data'!G15-'Raw OI Data'!I15 | R8: ='Raw OI Data'!G16-'Raw OI Data'!I16 | S8: ='Raw OI Data'!G17-'Raw OI Data'!I17 | T8: ='Raw OI Data'!G18-'Raw OI Data'!I18 | V8: ='Raw OI Data'!G19-'Raw OI Data'!I19 | W8: ='Raw OI Data'!G20-'Raw OI Data'!I20 | X8: ='Raw OI Data'!G21-'Raw OI Data'!I21 | Y8: ='Raw OI Data'!G22-'Raw OI Data'!I22
A9: Net Idx Put OI | B9: ='Raw OI Data'!H3-'Raw OI Data'!J3 | C9: ='Raw OI Data'!H4-'Raw OI Data'!J4 | D9: ='Raw OI Data'!H5-'Raw OI Data'!J5 | E9: ='Raw OI Data'!H6-'Raw OI Data'!J6 | G9: ='Raw OI Data'!H7-'Raw OI Data'!J7 | H9: ='Raw OI Data'!H8-'Raw OI Data'!J8 | I9: ='Raw OI Data'!H9-'Raw OI Data'!J9 | J9: ='Raw OI Data'!H10-'Raw OI Data'!J10 | L9: ='Raw OI Data'!H11-'Raw OI Data'!J11 | M9: ='Raw OI Data'!H12-'Raw OI Data'!J12 | N9: ='Raw OI Data'!H13-'Raw OI Data'!J13 | O9: ='Raw OI Data'!H14-'Raw OI Data'!J14 | Q9: ='Raw OI Data'!H15-'Raw OI Data'!J15 | R9: ='Raw OI Data'!H16-'Raw OI Data'!J16 | S9: ='Raw OI Data'!H17-'Raw OI Data'!J17 | T9: ='Raw OI Data'!H18-'Raw OI Data'!J18 | V9: ='Raw OI Data'!H19-'Raw OI Data'!J19 | W9: ='Raw OI Data'!H20-'Raw OI Data'!J20 | X9: ='Raw OI Data'!H21-'Raw OI Data'!J21 | Y9: ='Raw OI Data'!H22-'Raw OI Data'!J22
A10: Net Stk Call OI | B10: ='Raw OI Data'!K3-'Raw OI Data'!M3 | C10: ='Raw OI Data'!K4-'Raw OI Data'!M4 | D10: ='Raw OI Data'!K5-'Raw OI Data'!M5 | E10: ='Raw OI Data'!K6-'Raw OI Data'!M6 | G10: ='Raw OI Data'!K7-'Raw OI Data'!M7 | H10: ='Raw OI Data'!K8-'Raw OI Data'!M8 | I10: ='Raw OI Data'!K9-'Raw OI Data'!M9 | J10: ='Raw OI Data'!K10-'Raw OI Data'!M10 | L10: ='Raw OI Data'!K11-'Raw OI Data'!M11 | M10: ='Raw OI Data'!K12-'Raw OI Data'!M12 | N10: ='Raw OI Data'!K13-'Raw OI Data'!M13 | O10: ='Raw OI Data'!K14-'Raw OI Data'!M14 | Q10: ='Raw OI Data'!K15-'Raw OI Data'!M15 | R10: ='Raw OI Data'!K16-'Raw OI Data'!M16 | S10: ='Raw OI Data'!K17-'Raw OI Data'!M17 | T10: ='Raw OI Data'!K18-'Raw OI Data'!M18 | V10: ='Raw OI Data'!K19-'Raw OI Data'!M19 | W10: ='Raw OI Data'!K20-'Raw OI Data'!M20 | X10: ='Raw OI Data'!K21-'Raw OI Data'!M21 | Y10: ='Raw OI Data'!K22-'Raw OI Data'!M22
A11: Net Stk Put OI | B11: ='Raw OI Data'!L3-'Raw OI Data'!N3 | C11: ='Raw OI Data'!L4-'Raw OI Data'!N4 | D11: ='Raw OI Data'!L5-'Raw OI Data'!N5 | E11: ='Raw OI Data'!L6-'Raw OI Data'!N6 | G11: ='Raw OI Data'!L7-'Raw OI Data'!N7 | H11: ='Raw OI Data'!L8-'Raw OI Data'!N8 | I11: ='Raw OI Data'!L9-'Raw OI Data'!N9 | J11: ='Raw OI Data'!L10-'Raw OI Data'!N10 | L11: ='Raw OI Data'!L11-'Raw OI Data'!N11 | M11: ='Raw OI Data'!L12-'Raw OI Data'!N12 | N11: ='Raw OI Data'!L13-'Raw OI Data'!N13 | O11: ='Raw OI Data'!L14-'Raw OI Data'!N14 | Q11: ='Raw OI Data'!L15-'Raw OI Data'!N15 | R11: ='Raw OI Data'!L16-'Raw OI Data'!N16 | S11: ='Raw OI Data'!L17-'Raw OI Data'!N17 | T11: ='Raw OI Data'!L18-'Raw OI Data'!N18 | V11: ='Raw OI Data'!L19-'Raw OI Data'!N19 | W11: ='Raw OI Data'!L20-'Raw OI Data'!N20 | X11: ='Raw OI Data'!L21-'Raw OI Data'!N21 | Y11: ='Raw OI Data'!L22-'Raw OI Data'!N22
A12: Net Total OI | B12: ='Raw OI Data'!O3-'Raw OI Data'!P3 | C12: ='Raw OI Data'!O4-'Raw OI Data'!P4 | D12: ='Raw OI Data'!O5-'Raw OI Data'!P5 | E12: ='Raw OI Data'!O6-'Raw OI Data'!P6 | G12: ='Raw OI Data'!O7-'Raw OI Data'!P7 | H12: ='Raw OI Data'!O8-'Raw OI Data'!P8 | I12: ='Raw OI Data'!O9-'Raw OI Data'!P9 | J12: ='Raw OI Data'!O10-'Raw OI Data'!P10 | L12: ='Raw OI Data'!O11-'Raw OI Data'!P11 | M12: ='Raw OI Data'!O12-'Raw OI Data'!P12 | N12: ='Raw OI Data'!O13-'Raw OI Data'!P13 | O12: ='Raw OI Data'!O14-'Raw OI Data'!P14 | Q12: ='Raw OI Data'!O15-'Raw OI Data'!P15 | R12: ='Raw OI Data'!O16-'Raw OI Data'!P16 | S12: ='Raw OI Data'!O17-'Raw OI Data'!P17 | T12: ='Raw OI Data'!O18-'Raw OI Data'!P18 | V12: ='Raw OI Data'!O19-'Raw OI Data'!P19 | W12: ='Raw OI Data'!O20-'Raw OI Data'!P20 | X12: ='Raw OI Data'!O21-'Raw OI Data'!P21 | Y12: ='Raw OI Data'!O22-'Raw OI Data'!P22
A13: LONG-SHORT RATIOS
A14: Fut Index L/S | B14: =IFERROR('Raw OI Data'!C3/'Raw OI Data'!D3,0) | C14: =IFERROR('Raw OI Data'!C4/'Raw OI Data'!D4,0) | D14: =IFERROR('Raw OI Data'!C5/'Raw OI Data'!D5,0) | E14: =IFERROR('Raw OI Data'!C6/'Raw OI Data'!D6,0) | G14: =IFERROR('Raw OI Data'!C7/'Raw OI Data'!D7,0) | H14: =IFERROR('Raw OI Data'!C8/'Raw OI Data'!D8,0) | I14: =IFERROR('Raw OI Data'!C9/'Raw OI Data'!D9,0) | J14: =IFERROR('Raw OI Data'!C10/'Raw OI Data'!D10,0) | L14: =IFERROR('Raw OI Data'!C11/'Raw OI Data'!D11,0) | M14: =IFERROR('Raw OI Data'!C12/'Raw OI Data'!D12,0) | N14: =IFERROR('Raw OI Data'!C13/'Raw OI Data'!D13,0) | O14: =IFERROR('Raw OI Data'!C14/'Raw OI Data'!D14,0) | Q14: =IFERROR('Raw OI Data'!C15/'Raw OI Data'!D15,0) | R14: =IFERROR('Raw OI Data'!C16/'Raw OI Data'!D16,0) | S14: =IFERROR('Raw OI Data'!C17/'Raw OI Data'!D17,0) | T14: =IFERROR('Raw OI Data'!C18/'Raw OI Data'!D18,0) | V14: =IFERROR('Raw OI Data'!C19/'Raw OI Data'!D19,0) | W14: =IFERROR('Raw OI Data'!C20/'Raw OI Data'!D20,0) | X14: =IFERROR('Raw OI Data'!C21/'Raw OI Data'!D21,0) | Y14: =IFERROR('Raw OI Data'!C22/'Raw OI Data'!D22,0)
A15: Fut Stock L/S | B15: =IFERROR('Raw OI Data'!E3/'Raw OI Data'!F3,0) | C15: =IFERROR('Raw OI Data'!E4/'Raw OI Data'!F4,0) | D15: =IFERROR('Raw OI Data'!E5/'Raw OI Data'!F5,0) | E15: =IFERROR('Raw OI Data'!E6/'Raw OI Data'!F6,0) | G15: =IFERROR('Raw OI Data'!E7/'Raw OI Data'!F7,0) | H15: =IFERROR('Raw OI Data'!E8/'Raw OI Data'!F8,0) | I15: =IFERROR('Raw OI Data'!E9/'Raw OI Data'!F9,0) | J15: =IFERROR('Raw OI Data'!E10/'Raw OI Data'!F10,0) | L15: =IFERROR('Raw OI Data'!E11/'Raw OI Data'!F11,0) | M15: =IFERROR('Raw OI Data'!E12/'Raw OI Data'!F12,0) | N15: =IFERROR('Raw OI Data'!E13/'Raw OI Data'!F13,0) | O15: =IFERROR('Raw OI Data'!E14/'Raw OI Data'!F14,0) | Q15: =IFERROR('Raw OI Data'!E15/'Raw OI Data'!F15,0) | R15: =IFERROR('Raw OI Data'!E16/'Raw OI Data'!F16,0) | S15: =IFERROR('Raw OI Data'!E17/'Raw OI Data'!F17,0) | T15: =IFERROR('Raw OI Data'!E18/'Raw OI Data'!F18,0) | V15: =IFERROR('Raw OI Data'!E19/'Raw OI Data'!F19,0) | W15: =IFERROR('Raw OI Data'!E20/'Raw OI Data'!F20,0) | X15: =IFERROR('Raw OI Data'!E21/'Raw OI Data'!F21,0) | Y15: =IFERROR('Raw OI Data'!E22/'Raw OI Data'!F22,0)
A16: Total L/S Ratio | B16: =IFERROR('Raw OI Data'!O3/'Raw OI Data'!P3,0) | C16: =IFERROR('Raw OI Data'!O4/'Raw OI Data'!P4,0) | D16: =IFERROR('Raw OI Data'!O5/'Raw OI Data'!P5,0) | E16: =IFERROR('Raw OI Data'!O6/'Raw OI Data'!P6,0) | G16: =IFERROR('Raw OI Data'!O7/'Raw OI Data'!P7,0) | H16: =IFERROR('Raw OI Data'!O8/'Raw OI Data'!P8,0) | I16: =IFERROR('Raw OI Data'!O9/'Raw OI Data'!P9,0) | J16: =IFERROR('Raw OI Data'!O10/'Raw OI Data'!P10,0) | L16: =IFERROR('Raw OI Data'!O11/'Raw OI Data'!P11,0) | M16: =IFERROR('Raw OI Data'!O12/'Raw OI Data'!P12,0) | N16: =IFERROR('Raw OI Data'!O13/'Raw OI Data'!P13,0) | O16: =IFERROR('Raw OI Data'!O14/'Raw OI Data'!P14,0) | Q16: =IFERROR('Raw OI Data'!O15/'Raw OI Data'!P15,0) | R16: =IFERROR('Raw OI Data'!O16/'Raw OI Data'!P16,0) | S16: =IFERROR('Raw OI Data'!O17/'Raw OI Data'!P17,0) | T16: =IFERROR('Raw OI Data'!O18/'Raw OI Data'!P18,0) | V16: =IFERROR('Raw OI Data'!O19/'Raw OI Data'!P19,0) | W16: =IFERROR('Raw OI Data'!O20/'Raw OI Data'!P20,0) | X16: =IFERROR('Raw OI Data'!O21/'Raw OI Data'!P21,0) | Y16: =IFERROR('Raw OI Data'!O22/'Raw OI Data'!P22,0)
A17: MARKET SHARE
A18: % Mkt Long | B18: =IFERROR('Raw OI Data'!O3/SUM('Raw OI Data'!O3,'Raw OI Data'!O4,'Raw OI Data'!O5,'Raw OI Data'!O6),0) | C18: =IFERROR('Raw OI Data'!O4/SUM('Raw OI Data'!O3,'Raw OI Data'!O4,'Raw OI Data'!O5,'Raw OI Data'!O6),0) | D18: =IFERROR('Raw OI Data'!O5/SUM('Raw OI Data'!O3,'Raw OI Data'!O4,'Raw OI Data'!O5,'Raw OI Data'!O6),0) | E18: =IFERROR('Raw OI Data'!O6/SUM('Raw OI Data'!O3,'Raw OI Data'!O4,'Raw OI Data'!O5,'Raw OI Data'!O6),0) | G18: =IFERROR('Raw OI Data'!O7/SUM('Raw OI Data'!O7,'Raw OI Data'!O8,'Raw OI Data'!O9,'Raw OI Data'!O10),0) | H18: =IFERROR('Raw OI Data'!O8/SUM('Raw OI Data'!O7,'Raw OI Data'!O8,'Raw OI Data'!O9,'Raw OI Data'!O10),0) | I18: =IFERROR('Raw OI Data'!O9/SUM('Raw OI Data'!O7,'Raw OI Data'!O8,'Raw OI Data'!O9,'Raw OI Data'!O10),0) | J18: =IFERROR('Raw OI Data'!O10/SUM('Raw OI Data'!O7,'Raw OI Data'!O8,'Raw OI Data'!O9,'Raw OI Data'!O10),0) | L18: =IFERROR('Raw OI Data'!O11/SUM('Raw OI Data'!O11,'Raw OI Data'!O12,'Raw OI Data'!O13,'Raw OI Data'!O14),0) | M18: =IFERROR('Raw OI Data'!O12/SUM('Raw OI Data'!O11,'Raw OI Data'!O12,'Raw OI Data'!O13,'Raw OI Data'!O14),0) | N18: =IFERROR('Raw OI Data'!O13/SUM('Raw OI Data'!O11,'Raw OI Data'!O12,'Raw OI Data'!O13,'Raw OI Data'!O14),0) | O18: =IFERROR('Raw OI Data'!O14/SUM('Raw OI Data'!O11,'Raw OI Data'!O12,'Raw OI Data'!O13,'Raw OI Data'!O14),0) | Q18: =IFERROR('Raw OI Data'!O15/SUM('Raw OI Data'!O15,'Raw OI Data'!O16,'Raw OI Data'!O17,'Raw OI Data'!O18),0) | R18: =IFERROR('Raw OI Data'!O16/SUM('Raw OI Data'!O15,'Raw OI Data'!O16,'Raw OI Data'!O17,'Raw OI Data'!O18),0) | S18: =IFERROR('Raw OI Data'!O17/SUM('Raw OI Data'!O15,'Raw OI Data'!O16,'Raw OI Data'!O17,'Raw OI Data'!O18),0) | T18: =IFERROR('Raw OI Data'!O18/SUM('Raw OI Data'!O15,'Raw OI Data'!O16,'Raw OI Data'!O17,'Raw OI Data'!O18),0) | V18: =IFERROR('Raw OI Data'!O19/SUM('Raw OI Data'!O19,'Raw OI Data'!O20,'Raw OI Data'!O21,'Raw OI Data'!O22),0) | W18: =IFERROR('Raw OI Data'!O20/SUM('Raw OI Data'!O19,'Raw OI Data'!O20,'Raw OI Data'!O21,'Raw OI Data'!O22),0) | X18: =IFERROR('Raw OI Data'!O21/SUM('Raw OI Data'!O19,'Raw OI Data'!O20,'Raw OI Data'!O21,'Raw OI Data'!O22),0) | Y18: =IFERROR('Raw OI Data'!O22/SUM('Raw OI Data'!O19,'Raw OI Data'!O20,'Raw OI Data'!O21,'Raw OI Data'!O22),0)
A19: % Mkt Short | B19: =IFERROR('Raw OI Data'!P3/SUM('Raw OI Data'!P3,'Raw OI Data'!P4,'Raw OI Data'!P5,'Raw OI Data'!P6),0) | C19: =IFERROR('Raw OI Data'!P4/SUM('Raw OI Data'!P3,'Raw OI Data'!P4,'Raw OI Data'!P5,'Raw OI Data'!P6),0) | D19: =IFERROR('Raw OI Data'!P5/SUM('Raw OI Data'!P3,'Raw OI Data'!P4,'Raw OI Data'!P5,'Raw OI Data'!P6),0) | E19: =IFERROR('Raw OI Data'!P6/SUM('Raw OI Data'!P3,'Raw OI Data'!P4,'Raw OI Data'!P5,'Raw OI Data'!P6),0) | G19: =IFERROR('Raw OI Data'!P7/SUM('Raw OI Data'!P7,'Raw OI Data'!P8,'Raw OI Data'!P9,'Raw OI Data'!P10),0) | H19: =IFERROR('Raw OI Data'!P8/SUM('Raw OI Data'!P7,'Raw OI Data'!P8,'Raw OI Data'!P9,'Raw OI Data'!P10),0) | I19: =IFERROR('Raw OI Data'!P9/SUM('Raw OI Data'!P7,'Raw OI Data'!P8,'Raw OI Data'!P9,'Raw OI Data'!P10),0) | J19: =IFERROR('Raw OI Data'!P10/SUM('Raw OI Data'!P7,'Raw OI Data'!P8,'Raw OI Data'!P9,'Raw OI Data'!P10),0) | L19: =IFERROR('Raw OI Data'!P11/SUM('Raw OI Data'!P11,'Raw OI Data'!P12,'Raw OI Data'!P13,'Raw OI Data'!P14),0) | M19: =IFERROR('Raw OI Data'!P12/SUM('Raw OI Data'!P11,'Raw OI Data'!P12,'Raw OI Data'!P13,'Raw OI Data'!P14),0) | N19: =IFERROR('Raw OI Data'!P13/SUM('Raw OI Data'!P11,'Raw OI Data'!P12,'Raw OI Data'!P13,'Raw OI Data'!P14),0) | O19: =IFERROR('Raw OI Data'!P14/SUM('Raw OI Data'!P11,'Raw OI Data'!P12,'Raw OI Data'!P13,'Raw OI Data'!P14),0) | Q19: =IFERROR('Raw OI Data'!P15/SUM('Raw OI Data'!P15,'Raw OI Data'!P16,'Raw OI Data'!P17,'Raw OI Data'!P18),0) | R19: =IFERROR('Raw OI Data'!P16/SUM('Raw OI Data'!P15,'Raw OI Data'!P16,'Raw OI Data'!P17,'Raw OI Data'!P18),0) | S19: =IFERROR('Raw OI Data'!P17/SUM('Raw OI Data'!P15,'Raw OI Data'!P16,'Raw OI Data'!P17,'Raw OI Data'!P18),0) | T19: =IFERROR('Raw OI Data'!P18/SUM('Raw OI Data'!P15,'Raw OI Data'!P16,'Raw OI Data'!P17,'Raw OI Data'!P18),0) | V19: =IFERROR('Raw OI Data'!P19/SUM('Raw OI Data'!P19,'Raw OI Data'!P20,'Raw OI Data'!P21,'Raw OI Data'!P22),0) | W19: =IFERROR('Raw OI Data'!P20/SUM('Raw OI Data'!P19,'Raw OI Data'!P20,'Raw OI Data'!P21,'Raw OI Data'!P22),0) | X19: =IFERROR('Raw OI Data'!P21/SUM('Raw OI Data'!P19,'Raw OI Data'!P20,'Raw OI Data'!P21,'Raw OI Data'!P22),0) | Y19: =IFERROR('Raw OI Data'!P22/SUM('Raw OI Data'!P19,'Raw OI Data'!P20,'Raw OI Data'!P21,'Raw OI Data'!P22),0)
A20: % Mkt Fut Idx Long | B20: =IFERROR('Raw OI Data'!C3/SUM('Raw OI Data'!C3,'Raw OI Data'!C4,'Raw OI Data'!C5,'Raw OI Data'!C6),0) | C20: =IFERROR('Raw OI Data'!C4/SUM('Raw OI Data'!C3,'Raw OI Data'!C4,'Raw OI Data'!C5,'Raw OI Data'!C6),0) | D20: =IFERROR('Raw OI Data'!C5/SUM('Raw OI Data'!C3,'Raw OI Data'!C4,'Raw OI Data'!C5,'Raw OI Data'!C6),0) | E20: =IFERROR('Raw OI Data'!C6/SUM('Raw OI Data'!C3,'Raw OI Data'!C4,'Raw OI Data'!C5,'Raw OI Data'!C6),0) | G20: =IFERROR('Raw OI Data'!C7/SUM('Raw OI Data'!C7,'Raw OI Data'!C8,'Raw OI Data'!C9,'Raw OI Data'!C10),0) | H20: =IFERROR('Raw OI Data'!C8/SUM('Raw OI Data'!C7,'Raw OI Data'!C8,'Raw OI Data'!C9,'Raw OI Data'!C10),0) | I20: =IFERROR('Raw OI Data'!C9/SUM('Raw OI Data'!C7,'Raw OI Data'!C8,'Raw OI Data'!C9,'Raw OI Data'!C10),0) | J20: =IFERROR('Raw OI Data'!C10/SUM('Raw OI Data'!C7,'Raw OI Data'!C8,'Raw OI Data'!C9,'Raw OI Data'!C10),0) | L20: =IFERROR('Raw OI Data'!C11/SUM('Raw OI Data'!C11,'Raw OI Data'!C12,'Raw OI Data'!C13,'Raw OI Data'!C14),0) | M20: =IFERROR('Raw OI Data'!C12/SUM('Raw OI Data'!C11,'Raw OI Data'!C12,'Raw OI Data'!C13,'Raw OI Data'!C14),0) | N20: =IFERROR('Raw OI Data'!C13/SUM('Raw OI Data'!C11,'Raw OI Data'!C12,'Raw OI Data'!C13,'Raw OI Data'!C14),0) | O20: =IFERROR('Raw OI Data'!C14/SUM('Raw OI Data'!C11,'Raw OI Data'!C12,'Raw OI Data'!C13,'Raw OI Data'!C14),0) | Q20: =IFERROR('Raw OI Data'!C15/SUM('Raw OI Data'!C15,'Raw OI Data'!C16,'Raw OI Data'!C17,'Raw OI Data'!C18),0) | R20: =IFERROR('Raw OI Data'!C16/SUM('Raw OI Data'!C15,'Raw OI Data'!C16,'Raw OI Data'!C17,'Raw OI Data'!C18),0) | S20: =IFERROR('Raw OI Data'!C17/SUM('Raw OI Data'!C15,'Raw OI Data'!C16,'Raw OI Data'!C17,'Raw OI Data'!C18),0) | T20: =IFERROR('Raw OI Data'!C18/SUM('Raw OI Data'!C15,'Raw OI Data'!C16,'Raw OI Data'!C17,'Raw OI Data'!C18),0) | V20: =IFERROR('Raw OI Data'!C19/SUM('Raw OI Data'!C19,'Raw OI Data'!C20,'Raw OI Data'!C21,'Raw OI Data'!C22),0) | W20: =IFERROR('Raw OI Data'!C20/SUM('Raw OI Data'!C19,'Raw OI Data'!C20,'Raw OI Data'!C21,'Raw OI Data'!C22),0) | X20: =IFERROR('Raw OI Data'!C21/SUM('Raw OI Data'!C19,'Raw OI Data'!C20,'Raw OI Data'!C21,'Raw OI Data'!C22),0) | Y20: =IFERROR('Raw OI Data'!C22/SUM('Raw OI Data'!C19,'Raw OI Data'!C20,'Raw OI Data'!C21,'Raw OI Data'!C22),0)
A21: % Mkt Fut Stk Short | B21: =IFERROR('Raw OI Data'!F3/SUM('Raw OI Data'!F3,'Raw OI Data'!F4,'Raw OI Data'!F5,'Raw OI Data'!F6),0) | C21: =IFERROR('Raw OI Data'!F4/SUM('Raw OI Data'!F3,'Raw OI Data'!F4,'Raw OI Data'!F5,'Raw OI Data'!F6),0) | D21: =IFERROR('Raw OI Data'!F5/SUM('Raw OI Data'!F3,'Raw OI Data'!F4,'Raw OI Data'!F5,'Raw OI Data'!F6),0) | E21: =IFERROR('Raw OI Data'!F6/SUM('Raw OI Data'!F3,'Raw OI Data'!F4,'Raw OI Data'!F5,'Raw OI Data'!F6),0) | G21: =IFERROR('Raw OI Data'!F7/SUM('Raw OI Data'!F7,'Raw OI Data'!F8,'Raw OI Data'!F9,'Raw OI Data'!F10),0) | H21: =IFERROR('Raw OI Data'!F8/SUM('Raw OI Data'!F7,'Raw OI Data'!F8,'Raw OI Data'!F9,'Raw OI Data'!F10),0) | I21: =IFERROR('Raw OI Data'!F9/SUM('Raw OI Data'!F7,'Raw OI Data'!F8,'Raw OI Data'!F9,'Raw OI Data'!F10),0) | J21: =IFERROR('Raw OI Data'!F10/SUM('Raw OI Data'!F7,'Raw OI Data'!F8,'Raw OI Data'!F9,'Raw OI Data'!F10),0) | L21: =IFERROR('Raw OI Data'!F11/SUM('Raw OI Data'!F11,'Raw OI Data'!F12,'Raw OI Data'!F13,'Raw OI Data'!F14),0) | M21: =IFERROR('Raw OI Data'!F12/SUM('Raw OI Data'!F11,'Raw OI Data'!F12,'Raw OI Data'!F13,'Raw OI Data'!F14),0) | N21: =IFERROR('Raw OI Data'!F13/SUM('Raw OI Data'!F11,'Raw OI Data'!F12,'Raw OI Data'!F13,'Raw OI Data'!F14),0) | O21: =IFERROR('Raw OI Data'!F14/SUM('Raw OI Data'!F11,'Raw OI Data'!F12,'Raw OI Data'!F13,'Raw OI Data'!F14),0) | Q21: =IFERROR('Raw OI Data'!F15/SUM('Raw OI Data'!F15,'Raw OI Data'!F16,'Raw OI Data'!F17,'Raw OI Data'!F18),0) | R21: =IFERROR('Raw OI Data'!F16/SUM('Raw OI Data'!F15,'Raw OI Data'!F16,'Raw OI Data'!F17,'Raw OI Data'!F18),0) | S21: =IFERROR('Raw OI Data'!F17/SUM('Raw OI Data'!F15,'Raw OI Data'!F16,'Raw OI Data'!F17,'Raw OI Data'!F18),0) | T21: =IFERROR('Raw OI Data'!F18/SUM('Raw OI Data'!F15,'Raw OI Data'!F16,'Raw OI Data'!F17,'Raw OI Data'!F18),0) | V21: =IFERROR('Raw OI Data'!F19/SUM('Raw OI Data'!F19,'Raw OI Data'!F20,'Raw OI Data'!F21,'Raw OI Data'!F22),0) | W21: =IFERROR('Raw OI Data'!F20/SUM('Raw OI Data'!F19,'Raw OI Data'!F20,'Raw OI Data'!F21,'Raw OI Data'!F22),0) | X21: =IFERROR('Raw OI Data'!F21/SUM('Raw OI Data'!F19,'Raw OI Data'!F20,'Raw OI Data'!F21,'Raw OI Data'!F22),0) | Y21: =IFERROR('Raw OI Data'!F22/SUM('Raw OI Data'!F19,'Raw OI Data'!F20,'Raw OI Data'!F21,'Raw OI Data'!F22),0)

Sheet PCR Analysis
A1: NSE FAO — Put-Call Ratio Analysis (Participant OI, Volume & Chain)
A2: Metric | B2: Jul 06 2026 | G2: Jul 07 2026 | L2: Jul 08 2026 | Q2: Jul 09 2026 | V2: Jul 10 2026
B3: Client | C3: DII | D3: FII | E3: Pro | G3: Client | H3: DII | I3: FII | J3: Pro | L3: Client | M3: DII | N3: FII | O3: Pro | Q3: Client | R3: DII | S3: FII | T3: Pro | V3: Client | W3: DII | X3: FII | Y3: Pro
A4: PARTICIPANT OI PCR (Put Long / Call Long)
A5: Index OI PCR | B5: =IFERROR('Raw OI Data'!H3/'Raw OI Data'!G3,0) | C5: =IFERROR('Raw OI Data'!H4/'Raw OI Data'!G4,0) | D5: =IFERROR('Raw OI Data'!H5/'Raw OI Data'!G5,0) | E5: =IFERROR('Raw OI Data'!H6/'Raw OI Data'!G6,0) | G5: =IFERROR('Raw OI Data'!H7/'Raw OI Data'!G7,0) | H5: =IFERROR('Raw OI Data'!H8/'Raw OI Data'!G8,0) | I5: =IFERROR('Raw OI Data'!H9/'Raw OI Data'!G9,0) | J5: =IFERROR('Raw OI Data'!H10/'Raw OI Data'!G10,0) | L5: =IFERROR('Raw OI Data'!H11/'Raw OI Data'!G11,0) | M5: =IFERROR('Raw OI Data'!H12/'Raw OI Data'!G12,0) | N5: =IFERROR('Raw OI Data'!H13/'Raw OI Data'!G13,0) | O5: =IFERROR('Raw OI Data'!H14/'Raw OI Data'!G14,0) | Q5: =IFERROR('Raw OI Data'!H15/'Raw OI Data'!G15,0) | R5: =IFERROR('Raw OI Data'!H16/'Raw OI Data'!G16,0) | S5: =IFERROR('Raw OI Data'!H17/'Raw OI Data'!G17,0) | T5: =IFERROR('Raw OI Data'!H18/'Raw OI Data'!G18,0) | V5: =IFERROR('Raw OI Data'!H19/'Raw OI Data'!G19,0) | W5: =IFERROR('Raw OI Data'!H20/'Raw OI Data'!G20,0) | X5: =IFERROR('Raw OI Data'!H21/'Raw OI Data'!G21,0) | Y5: =IFERROR('Raw OI Data'!H22/'Raw OI Data'!G22,0)
A6: Stock OI PCR | B6: =IFERROR('Raw OI Data'!L3/'Raw OI Data'!K3,0) | C6: =IFERROR('Raw OI Data'!L4/'Raw OI Data'!K4,0) | D6: =IFERROR('Raw OI Data'!L5/'Raw OI Data'!K5,0) | E6: =IFERROR('Raw OI Data'!L6/'Raw OI Data'!K6,0) | G6: =IFERROR('Raw OI Data'!L7/'Raw OI Data'!K7,0) | H6: =IFERROR('Raw OI Data'!L8/'Raw OI Data'!K8,0) | I6: =IFERROR('Raw OI Data'!L9/'Raw OI Data'!K9,0) | J6: =IFERROR('Raw OI Data'!L10/'Raw OI Data'!K10,0) | L6: =IFERROR('Raw OI Data'!L11/'Raw OI Data'!K11,0) | M6: =IFERROR('Raw OI Data'!L12/'Raw OI Data'!K12,0) | N6: =IFERROR('Raw OI Data'!L13/'Raw OI Data'!K13,0) | O6: =IFERROR('Raw OI Data'!L14/'Raw OI Data'!K14,0) | Q6: =IFERROR('Raw OI Data'!L15/'Raw OI Data'!K15,0) | R6: =IFERROR('Raw OI Data'!L16/'Raw OI Data'!K16,0) | S6: =IFERROR('Raw OI Data'!L17/'Raw OI Data'!K17,0) | T6: =IFERROR('Raw OI Data'!L18/'Raw OI Data'!K18,0) | V6: =IFERROR('Raw OI Data'!L19/'Raw OI Data'!K19,0) | W6: =IFERROR('Raw OI Data'!L20/'Raw OI Data'!K20,0) | X6: =IFERROR('Raw OI Data'!L21/'Raw OI Data'!K21,0) | Y6: =IFERROR('Raw OI Data'!L22/'Raw OI Data'!K22,0)
A7: Combined OI PCR | B7: =IFERROR(('Raw OI Data'!H3+'Raw OI Data'!L3)/('Raw OI Data'!G3+'Raw OI Data'!K3),0) | C7: =IFERROR(('Raw OI Data'!H4+'Raw OI Data'!L4)/('Raw OI Data'!G4+'Raw OI Data'!K4),0) | D7: =IFERROR(('Raw OI Data'!H5+'Raw OI Data'!L5)/('Raw OI Data'!G5+'Raw OI Data'!K5),0) | E7: =IFERROR(('Raw OI Data'!H6+'Raw OI Data'!L6)/('Raw OI Data'!G6+'Raw OI Data'!K6),0) | G7: =IFERROR(('Raw OI Data'!H7+'Raw OI Data'!L7)/('Raw OI Data'!G7+'Raw OI Data'!K7),0) | H7: =IFERROR(('Raw OI Data'!H8+'Raw OI Data'!L8)/('Raw OI Data'!G8+'Raw OI Data'!K8),0) | I7: =IFERROR(('Raw OI Data'!H9+'Raw OI Data'!L9)/('Raw OI Data'!G9+'Raw OI Data'!K9),0) | J7: =IFERROR(('Raw OI Data'!H10+'Raw OI Data'!L10)/('Raw OI Data'!G10+'Raw OI Data'!K10),0) | L7: =IFERROR(('Raw OI Data'!H11+'Raw OI Data'!L11)/('Raw OI Data'!G11+'Raw OI Data'!K11),0) | M7: =IFERROR(('Raw OI Data'!H12+'Raw OI Data'!L12)/('Raw OI Data'!G12+'Raw OI Data'!K12),0) | N7: =IFERROR(('Raw OI Data'!H13+'Raw OI Data'!L13)/('Raw OI Data'!G13+'Raw OI Data'!K13),0) | O7: =IFERROR(('Raw OI Data'!H14+'Raw OI Data'!L14)/('Raw OI Data'!G14+'Raw OI Data'!K14),0) | Q7: =IFERROR(('Raw OI Data'!H15+'Raw OI Data'!L15)/('Raw OI Data'!G15+'Raw OI Data'!K15),0) | R7: =IFERROR(('Raw OI Data'!H16+'Raw OI Data'!L16)/('Raw OI Data'!G16+'Raw OI Data'!K16),0) | S7: =IFERROR(('Raw OI Data'!H17+'Raw OI Data'!L17)/('Raw OI Data'!G17+'Raw OI Data'!K17),0) | T7: =IFERROR(('Raw OI Data'!H18+'Raw OI Data'!L18)/('Raw OI Data'!G18+'Raw OI Data'!K18),0) | V7: =IFERROR(('Raw OI Data'!H19+'Raw OI Data'!L19)/('Raw OI Data'!G19+'Raw OI Data'!K19),0) | W7: =IFERROR(('Raw OI Data'!H20+'Raw OI Data'!L20)/('Raw OI Data'!G20+'Raw OI Data'!K20),0) | X7: =IFERROR(('Raw OI Data'!H21+'Raw OI Data'!L21)/('Raw OI Data'!G21+'Raw OI Data'!K21),0) | Y7: =IFERROR(('Raw OI Data'!H22+'Raw OI Data'!L22)/('Raw OI Data'!G22+'Raw OI Data'!K22),0)
A8: Index Net PCR | B8: =IFERROR(('Raw OI Data'!H3-'Raw OI Data'!J3)/('Raw OI Data'!G3-'Raw OI Data'!I3),0) | C8: =IFERROR(('Raw OI Data'!H4-'Raw OI Data'!J4)/('Raw OI Data'!G4-'Raw OI Data'!I4),0) | D8: =IFERROR(('Raw OI Data'!H5-'Raw OI Data'!J5)/('Raw OI Data'!G5-'Raw OI Data'!I5),0) | E8: =IFERROR(('Raw OI Data'!H6-'Raw OI Data'!J6)/('Raw OI Data'!G6-'Raw OI Data'!I6),0) | G8: =IFERROR(('Raw OI Data'!H7-'Raw OI Data'!J7)/('Raw OI Data'!G7-'Raw OI Data'!I7),0) | H8: =IFERROR(('Raw OI Data'!H8-'Raw OI Data'!J8)/('Raw OI Data'!G8-'Raw OI Data'!I8),0) | I8: =IFERROR(('Raw OI Data'!H9-'Raw OI Data'!J9)/('Raw OI Data'!G9-'Raw OI Data'!I9),0) | J8: =IFERROR(('Raw OI Data'!H10-'Raw OI Data'!J10)/('Raw OI Data'!G10-'Raw OI Data'!I10),0) | L8: =IFERROR(('Raw OI Data'!H11-'Raw OI Data'!J11)/('Raw OI Data'!G11-'Raw OI Data'!I11),0) | M8: =IFERROR(('Raw OI Data'!H12-'Raw OI Data'!J12)/('Raw OI Data'!G12-'Raw OI Data'!I12),0) | N8: =IFERROR(('Raw OI Data'!H13-'Raw OI Data'!J13)/('Raw OI Data'!G13-'Raw OI Data'!I13),0) | O8: =IFERROR(('Raw OI Data'!H14-'Raw OI Data'!J14)/('Raw OI Data'!G14-'Raw OI Data'!I14),0) | Q8: =IFERROR(('Raw OI Data'!H15-'Raw OI Data'!J15)/('Raw OI Data'!G15-'Raw OI Data'!I15),0) | R8: =IFERROR(('Raw OI Data'!H16-'Raw OI Data'!J16)/('Raw OI Data'!G16-'Raw OI Data'!I16),0) | S8: =IFERROR(('Raw OI Data'!H17-'Raw OI Data'!J17)/('Raw OI Data'!G17-'Raw OI Data'!I17),0) | T8: =IFERROR(('Raw OI Data'!H18-'Raw OI Data'!J18)/('Raw OI Data'!G18-'Raw OI Data'!I18),0) | V8: =IFERROR(('Raw OI Data'!H19-'Raw OI Data'!J19)/('Raw OI Data'!G19-'Raw OI Data'!I19),0) | W8: =IFERROR(('Raw OI Data'!H20-'Raw OI Data'!J20)/('Raw OI Data'!G20-'Raw OI Data'!I20),0) | X8: =IFERROR(('Raw OI Data'!H21-'Raw OI Data'!J21)/('Raw OI Data'!G21-'Raw OI Data'!I21),0) | Y8: =IFERROR(('Raw OI Data'!H22-'Raw OI Data'!J22)/('Raw OI Data'!G22-'Raw OI Data'!I22),0)
A9: Short-side PCR | B9: =IFERROR('Raw OI Data'!J3/'Raw OI Data'!I3,0) | C9: =IFERROR('Raw OI Data'!J4/'Raw OI Data'!I4,0) | D9: =IFERROR('Raw OI Data'!J5/'Raw OI Data'!I5,0) | E9: =IFERROR('Raw OI Data'!J6/'Raw OI Data'!I6,0) | G9: =IFERROR('Raw OI Data'!J7/'Raw OI Data'!I7,0) | H9: =IFERROR('Raw OI Data'!J8/'Raw OI Data'!I8,0) | I9: =IFERROR('Raw OI Data'!J9/'Raw OI Data'!I9,0) | J9: =IFERROR('Raw OI Data'!J10/'Raw OI Data'!I10,0) | L9: =IFERROR('Raw OI Data'!J11/'Raw OI Data'!I11,0) | M9: =IFERROR('Raw OI Data'!J12/'Raw OI Data'!I12,0) | N9: =IFERROR('Raw OI Data'!J13/'Raw OI Data'!I13,0) | O9: =IFERROR('Raw OI Data'!J14/'Raw OI Data'!I14,0) | Q9: =IFERROR('Raw OI Data'!J15/'Raw OI Data'!I15,0) | R9: =IFERROR('Raw OI Data'!J16/'Raw OI Data'!I16,0) | S9: =IFERROR('Raw OI Data'!J17/'Raw OI Data'!I17,0) | T9: =IFERROR('Raw OI Data'!J18/'Raw OI Data'!I18,0) | V9: =IFERROR('Raw OI Data'!J19/'Raw OI Data'!I19,0) | W9: =IFERROR('Raw OI Data'!J20/'Raw OI Data'!I20,0) | X9: =IFERROR('Raw OI Data'!J21/'Raw OI Data'!I21,0) | Y9: =IFERROR('Raw OI Data'!J22/'Raw OI Data'!I22,0)
A10: PARTICIPANT VOLUME PCR (Put Buy / Call Buy)
A11: Index Vol PCR | B11: =IFERROR('Raw TV Data'!H3/'Raw TV Data'!G3,0) | C11: =IFERROR('Raw TV Data'!H4/'Raw TV Data'!G4,0) | D11: =IFERROR('Raw TV Data'!H5/'Raw TV Data'!G5,0) | E11: =IFERROR('Raw TV Data'!H6/'Raw TV Data'!G6,0) | G11: =IFERROR('Raw TV Data'!H7/'Raw TV Data'!G7,0) | H11: =IFERROR('Raw TV Data'!H8/'Raw TV Data'!G8,0) | I11: =IFERROR('Raw TV Data'!H9/'Raw TV Data'!G9,0) | J11: =IFERROR('Raw TV Data'!H10/'Raw TV Data'!G10,0) | L11: =IFERROR('Raw TV Data'!H11/'Raw TV Data'!G11,0) | M11: =IFERROR('Raw TV Data'!H12/'Raw TV Data'!G12,0) | N11: =IFERROR('Raw TV Data'!H13/'Raw TV Data'!G13,0) | O11: =IFERROR('Raw TV Data'!H14/'Raw TV Data'!G14,0) | Q11: =IFERROR('Raw TV Data'!H15/'Raw TV Data'!G15,0) | R11: =IFERROR('Raw TV Data'!H16/'Raw TV Data'!G16,0) | S11: =IFERROR('Raw TV Data'!H17/'Raw TV Data'!G17,0) | T11: =IFERROR('Raw TV Data'!H18/'Raw TV Data'!G18,0) | V11: =IFERROR('Raw TV Data'!H19/'Raw TV Data'!G19,0) | W11: =IFERROR('Raw TV Data'!H20/'Raw TV Data'!G20,0) | X11: =IFERROR('Raw TV Data'!H21/'Raw TV Data'!G21,0) | Y11: =IFERROR('Raw TV Data'!H22/'Raw TV Data'!G22,0)
A12: Stock Vol PCR | B12: =IFERROR('Raw TV Data'!L3/'Raw TV Data'!K3,0) | C12: =IFERROR('Raw TV Data'!L4/'Raw TV Data'!K4,0) | D12: =IFERROR('Raw TV Data'!L5/'Raw TV Data'!K5,0) | E12: =IFERROR('Raw TV Data'!L6/'Raw TV Data'!K6,0) | G12: =IFERROR('Raw TV Data'!L7/'Raw TV Data'!K7,0) | H12: =IFERROR('Raw TV Data'!L8/'Raw TV Data'!K8,0) | I12: =IFERROR('Raw TV Data'!L9/'Raw TV Data'!K9,0) | J12: =IFERROR('Raw TV Data'!L10/'Raw TV Data'!K10,0) | L12: =IFERROR('Raw TV Data'!L11/'Raw TV Data'!K11,0) | M12: =IFERROR('Raw TV Data'!L12/'Raw TV Data'!K12,0) | N12: =IFERROR('Raw TV Data'!L13/'Raw TV Data'!K13,0) | O12: =IFERROR('Raw TV Data'!L14/'Raw TV Data'!K14,0) | Q12: =IFERROR('Raw TV Data'!L15/'Raw TV Data'!K15,0) | R12: =IFERROR('Raw TV Data'!L16/'Raw TV Data'!K16,0) | S12: =IFERROR('Raw TV Data'!L17/'Raw TV Data'!K17,0) | T12: =IFERROR('Raw TV Data'!L18/'Raw TV Data'!K18,0) | V12: =IFERROR('Raw TV Data'!L19/'Raw TV Data'!K19,0) | W12: =IFERROR('Raw TV Data'!L20/'Raw TV Data'!K20,0) | X12: =IFERROR('Raw TV Data'!L21/'Raw TV Data'!K21,0) | Y12: =IFERROR('Raw TV Data'!L22/'Raw TV Data'!K22,0)
A13: Combined Vol PCR | B13: =IFERROR(('Raw TV Data'!H3+'Raw TV Data'!L3)/('Raw TV Data'!G3+'Raw TV Data'!K3),0) | C13: =IFERROR(('Raw TV Data'!H4+'Raw TV Data'!L4)/('Raw TV Data'!G4+'Raw TV Data'!K4),0) | D13: =IFERROR(('Raw TV Data'!H5+'Raw TV Data'!L5)/('Raw TV Data'!G5+'Raw TV Data'!K5),0) | E13: =IFERROR(('Raw TV Data'!H6+'Raw TV Data'!L6)/('Raw TV Data'!G6+'Raw TV Data'!K6),0) | G13: =IFERROR(('Raw TV Data'!H7+'Raw TV Data'!L7)/('Raw TV Data'!G7+'Raw TV Data'!K7),0) | H13: =IFERROR(('Raw TV Data'!H8+'Raw TV Data'!L8)/('Raw TV Data'!G8+'Raw TV Data'!K8),0) | I13: =IFERROR(('Raw TV Data'!H9+'Raw TV Data'!L9)/('Raw TV Data'!G9+'Raw TV Data'!K9),0) | J13: =IFERROR(('Raw TV Data'!H10+'Raw TV Data'!L10)/('Raw TV Data'!G10+'Raw TV Data'!K10),0) | L13: =IFERROR(('Raw TV Data'!H11+'Raw TV Data'!L11)/('Raw TV Data'!G11+'Raw TV Data'!K11),0) | M13: =IFERROR(('Raw TV Data'!H12+'Raw TV Data'!L12)/('Raw TV Data'!G12+'Raw TV Data'!K12),0) | N13: =IFERROR(('Raw TV Data'!H13+'Raw TV Data'!L13)/('Raw TV Data'!G13+'Raw TV Data'!K13),0) | O13: =IFERROR(('Raw TV Data'!H14+'Raw TV Data'!L14)/('Raw TV Data'!G14+'Raw TV Data'!K14),0) | Q13: =IFERROR(('Raw TV Data'!H15+'Raw TV Data'!L15)/('Raw TV Data'!G15+'Raw TV Data'!K15),0) | R13: =IFERROR(('Raw TV Data'!H16+'Raw TV Data'!L16)/('Raw TV Data'!G16+'Raw TV Data'!K16),0) | S13: =IFERROR(('Raw TV Data'!H17+'Raw TV Data'!L17)/('Raw TV Data'!G17+'Raw TV Data'!K17),0) | T13: =IFERROR(('Raw TV Data'!H18+'Raw TV Data'!L18)/('Raw TV Data'!G18+'Raw TV Data'!K18),0) | V13: =IFERROR(('Raw TV Data'!H19+'Raw TV Data'!L19)/('Raw TV Data'!G19+'Raw TV Data'!K19),0) | W13: =IFERROR(('Raw TV Data'!H20+'Raw TV Data'!L20)/('Raw TV Data'!G20+'Raw TV Data'!K20),0) | X13: =IFERROR(('Raw TV Data'!H21+'Raw TV Data'!L21)/('Raw TV Data'!G21+'Raw TV Data'!K21),0) | Y13: =IFERROR(('Raw TV Data'!H22+'Raw TV Data'!L22)/('Raw TV Data'!G22+'Raw TV Data'!K22),0)
A14: CHAIN-LEVEL AGGREGATE PCR (all strikes, market-wide)
A15: Aggregate OI PCR (Put OI / Call OI) | V15: 1.2726
A16: Aggregate Volume PCR (Put Vol / Call Vol) | V16: 0.9406

Sheet OI-TV Efficiency
A1: NSE FAO — OI / Trading Volume Efficiency Ratio
A2: Metric | B2: Jul 06 2026 | G2: Jul 07 2026 | L2: Jul 08 2026 | Q2: Jul 09 2026 | V2: Jul 10 2026
B3: Client | C3: DII | D3: FII | E3: Pro | G3: Client | H3: DII | I3: FII | J3: Pro | L3: Client | M3: DII | N3: FII | O3: Pro | Q3: Client | R3: DII | S3: FII | T3: Pro | V3: Client | W3: DII | X3: FII | Y3: Pro
A4: OI / VOLUME RATIO (high = positions held with conviction, low = churn)
A5: Fut Index OI/TV | B5: =IFERROR('Raw OI Data'!C3/'Raw TV Data'!C3,0) | C5: =IFERROR('Raw OI Data'!C4/'Raw TV Data'!C4,0) | D5: =IFERROR('Raw OI Data'!C5/'Raw TV Data'!C5,0) | E5: =IFERROR('Raw OI Data'!C6/'Raw TV Data'!C6,0) | G5: =IFERROR('Raw OI Data'!C7/'Raw TV Data'!C7,0) | H5: =IFERROR('Raw OI Data'!C8/'Raw TV Data'!C8,0) | I5: =IFERROR('Raw OI Data'!C9/'Raw TV Data'!C9,0) | J5: =IFERROR('Raw OI Data'!C10/'Raw TV Data'!C10,0) | L5: =IFERROR('Raw OI Data'!C11/'Raw TV Data'!C11,0) | M5: =IFERROR('Raw OI Data'!C12/'Raw TV Data'!C12,0) | N5: =IFERROR('Raw OI Data'!C13/'Raw TV Data'!C13,0) | O5: =IFERROR('Raw OI Data'!C14/'Raw TV Data'!C14,0) | Q5: =IFERROR('Raw OI Data'!C15/'Raw TV Data'!C15,0) | R5: =IFERROR('Raw OI Data'!C16/'Raw TV Data'!C16,0) | S5: =IFERROR('Raw OI Data'!C17/'Raw TV Data'!C17,0) | T5: =IFERROR('Raw OI Data'!C18/'Raw TV Data'!C18,0) | V5: =IFERROR('Raw OI Data'!C19/'Raw TV Data'!C19,0) | W5: =IFERROR('Raw OI Data'!C20/'Raw TV Data'!C20,0) | X5: =IFERROR('Raw OI Data'!C21/'Raw TV Data'!C21,0) | Y5: =IFERROR('Raw OI Data'!C22/'Raw TV Data'!C22,0)
A6: Fut Stock OI/TV | B6: =IFERROR('Raw OI Data'!E3/'Raw TV Data'!E3,0) | C6: =IFERROR('Raw OI Data'!E4/'Raw TV Data'!E4,0) | D6: =IFERROR('Raw OI Data'!E5/'Raw TV Data'!E5,0) | E6: =IFERROR('Raw OI Data'!E6/'Raw TV Data'!E6,0) | G6: =IFERROR('Raw OI Data'!E7/'Raw TV Data'!E7,0) | H6: =IFERROR('Raw OI Data'!E8/'Raw TV Data'!E8,0) | I6: =IFERROR('Raw OI Data'!E9/'Raw TV Data'!E9,0) | J6: =IFERROR('Raw OI Data'!E10/'Raw TV Data'!E10,0) | L6: =IFERROR('Raw OI Data'!E11/'Raw TV Data'!E11,0) | M6: =IFERROR('Raw OI Data'!E12/'Raw TV Data'!E12,0) | N6: =IFERROR('Raw OI Data'!E13/'Raw TV Data'!E13,0) | O6: =IFERROR('Raw OI Data'!E14/'Raw TV Data'!E14,0) | Q6: =IFERROR('Raw OI Data'!E15/'Raw TV Data'!E15,0) | R6: =IFERROR('Raw OI Data'!E16/'Raw TV Data'!E16,0) | S6: =IFERROR('Raw OI Data'!E17/'Raw TV Data'!E17,0) | T6: =IFERROR('Raw OI Data'!E18/'Raw TV Data'!E18,0) | V6: =IFERROR('Raw OI Data'!E19/'Raw TV Data'!E19,0) | W6: =IFERROR('Raw OI Data'!E20/'Raw TV Data'!E20,0) | X6: =IFERROR('Raw OI Data'!E21/'Raw TV Data'!E21,0) | Y6: =IFERROR('Raw OI Data'!E22/'Raw TV Data'!E22,0)
A7: Idx Call OI/TV | B7: =IFERROR('Raw OI Data'!G3/'Raw TV Data'!G3,0) | C7: =IFERROR('Raw OI Data'!G4/'Raw TV Data'!G4,0) | D7: =IFERROR('Raw OI Data'!G5/'Raw TV Data'!G5,0) | E7: =IFERROR('Raw OI Data'!G6/'Raw TV Data'!G6,0) | G7: =IFERROR('Raw OI Data'!G7/'Raw TV Data'!G7,0) | H7: =IFERROR('Raw OI Data'!G8/'Raw TV Data'!G8,0) | I7: =IFERROR('Raw OI Data'!G9/'Raw TV Data'!G9,0) | J7: =IFERROR('Raw OI Data'!G10/'Raw TV Data'!G10,0) | L7: =IFERROR('Raw OI Data'!G11/'Raw TV Data'!G11,0) | M7: =IFERROR('Raw OI Data'!G12/'Raw TV Data'!G12,0) | N7: =IFERROR('Raw OI Data'!G13/'Raw TV Data'!G13,0) | O7: =IFERROR('Raw OI Data'!G14/'Raw TV Data'!G14,0) | Q7: =IFERROR('Raw OI Data'!G15/'Raw TV Data'!G15,0) | R7: =IFERROR('Raw OI Data'!G16/'Raw TV Data'!G16,0) | S7: =IFERROR('Raw OI Data'!G17/'Raw TV Data'!G17,0) | T7: =IFERROR('Raw OI Data'!G18/'Raw TV Data'!G18,0) | V7: =IFERROR('Raw OI Data'!G19/'Raw TV Data'!G19,0) | W7: =IFERROR('Raw OI Data'!G20/'Raw TV Data'!G20,0) | X7: =IFERROR('Raw OI Data'!G21/'Raw TV Data'!G21,0) | Y7: =IFERROR('Raw OI Data'!G22/'Raw TV Data'!G22,0)
A8: Idx Put OI/TV | B8: =IFERROR('Raw OI Data'!H3/'Raw TV Data'!H3,0) | C8: =IFERROR('Raw OI Data'!H4/'Raw TV Data'!H4,0) | D8: =IFERROR('Raw OI Data'!H5/'Raw TV Data'!H5,0) | E8: =IFERROR('Raw OI Data'!H6/'Raw TV Data'!H6,0) | G8: =IFERROR('Raw OI Data'!H7/'Raw TV Data'!H7,0) | H8: =IFERROR('Raw OI Data'!H8/'Raw TV Data'!H8,0) | I8: =IFERROR('Raw OI Data'!H9/'Raw TV Data'!H9,0) | J8: =IFERROR('Raw OI Data'!H10/'Raw TV Data'!H10,0) | L8: =IFERROR('Raw OI Data'!H11/'Raw TV Data'!H11,0) | M8: =IFERROR('Raw OI Data'!H12/'Raw TV Data'!H12,0) | N8: =IFERROR('Raw OI Data'!H13/'Raw TV Data'!H13,0) | O8: =IFERROR('Raw OI Data'!H14/'Raw TV Data'!H14,0) | Q8: =IFERROR('Raw OI Data'!H15/'Raw TV Data'!H15,0) | R8: =IFERROR('Raw OI Data'!H16/'Raw TV Data'!H16,0) | S8: =IFERROR('Raw OI Data'!H17/'Raw TV Data'!H17,0) | T8: =IFERROR('Raw OI Data'!H18/'Raw TV Data'!H18,0) | V8: =IFERROR('Raw OI Data'!H19/'Raw TV Data'!H19,0) | W8: =IFERROR('Raw OI Data'!H20/'Raw TV Data'!H20,0) | X8: =IFERROR('Raw OI Data'!H21/'Raw TV Data'!H21,0) | Y8: =IFERROR('Raw OI Data'!H22/'Raw TV Data'!H22,0)
A9: Stk Call OI/TV | B9: =IFERROR('Raw OI Data'!K3/'Raw TV Data'!K3,0) | C9: =IFERROR('Raw OI Data'!K4/'Raw TV Data'!K4,0) | D9: =IFERROR('Raw OI Data'!K5/'Raw TV Data'!K5,0) | E9: =IFERROR('Raw OI Data'!K6/'Raw TV Data'!K6,0) | G9: =IFERROR('Raw OI Data'!K7/'Raw TV Data'!K7,0) | H9: =IFERROR('Raw OI Data'!K8/'Raw TV Data'!K8,0) | I9: =IFERROR('Raw OI Data'!K9/'Raw TV Data'!K9,0) | J9: =IFERROR('Raw OI Data'!K10/'Raw TV Data'!K10,0) | L9: =IFERROR('Raw OI Data'!K11/'Raw TV Data'!K11,0) | M9: =IFERROR('Raw OI Data'!K12/'Raw TV Data'!K12,0) | N9: =IFERROR('Raw OI Data'!K13/'Raw TV Data'!K13,0) | O9: =IFERROR('Raw OI Data'!K14/'Raw TV Data'!K14,0) | Q9: =IFERROR('Raw OI Data'!K15/'Raw TV Data'!K15,0) | R9: =IFERROR('Raw OI Data'!K16/'Raw TV Data'!K16,0) | S9: =IFERROR('Raw OI Data'!K17/'Raw TV Data'!K17,0) | T9: =IFERROR('Raw OI Data'!K18/'Raw TV Data'!K18,0) | V9: =IFERROR('Raw OI Data'!K19/'Raw TV Data'!K19,0) | W9: =IFERROR('Raw OI Data'!K20/'Raw TV Data'!K20,0) | X9: =IFERROR('Raw OI Data'!K21/'Raw TV Data'!K21,0) | Y9: =IFERROR('Raw OI Data'!K22/'Raw TV Data'!K22,0)
A10: Stk Put OI/TV | B10: =IFERROR('Raw OI Data'!L3/'Raw TV Data'!L3,0) | C10: =IFERROR('Raw OI Data'!L4/'Raw TV Data'!L4,0) | D10: =IFERROR('Raw OI Data'!L5/'Raw TV Data'!L5,0) | E10: =IFERROR('Raw OI Data'!L6/'Raw TV Data'!L6,0) | G10: =IFERROR('Raw OI Data'!L7/'Raw TV Data'!L7,0) | H10: =IFERROR('Raw OI Data'!L8/'Raw TV Data'!L8,0) | I10: =IFERROR('Raw OI Data'!L9/'Raw TV Data'!L9,0) | J10: =IFERROR('Raw OI Data'!L10/'Raw TV Data'!L10,0) | L10: =IFERROR('Raw OI Data'!L11/'Raw TV Data'!L11,0) | M10: =IFERROR('Raw OI Data'!L12/'Raw TV Data'!L12,0) | N10: =IFERROR('Raw OI Data'!L13/'Raw TV Data'!L13,0) | O10: =IFERROR('Raw OI Data'!L14/'Raw TV Data'!L14,0) | Q10: =IFERROR('Raw OI Data'!L15/'Raw TV Data'!L15,0) | R10: =IFERROR('Raw OI Data'!L16/'Raw TV Data'!L16,0) | S10: =IFERROR('Raw OI Data'!L17/'Raw TV Data'!L17,0) | T10: =IFERROR('Raw OI Data'!L18/'Raw TV Data'!L18,0) | V10: =IFERROR('Raw OI Data'!L19/'Raw TV Data'!L19,0) | W10: =IFERROR('Raw OI Data'!L20/'Raw TV Data'!L20,0) | X10: =IFERROR('Raw OI Data'!L21/'Raw TV Data'!L21,0) | Y10: =IFERROR('Raw OI Data'!L22/'Raw TV Data'!L22,0)
A11: Total OI/TV | B11: =IFERROR('Raw OI Data'!O3/'Raw TV Data'!O3,0) | C11: =IFERROR('Raw OI Data'!O4/'Raw TV Data'!O4,0) | D11: =IFERROR('Raw OI Data'!O5/'Raw TV Data'!O5,0) | E11: =IFERROR('Raw OI Data'!O6/'Raw TV Data'!O6,0) | G11: =IFERROR('Raw OI Data'!O7/'Raw TV Data'!O7,0) | H11: =IFERROR('Raw OI Data'!O8/'Raw TV Data'!O8,0) | I11: =IFERROR('Raw OI Data'!O9/'Raw TV Data'!O9,0) | J11: =IFERROR('Raw OI Data'!O10/'Raw TV Data'!O10,0) | L11: =IFERROR('Raw OI Data'!O11/'Raw TV Data'!O11,0) | M11: =IFERROR('Raw OI Data'!O12/'Raw TV Data'!O12,0) | N11: =IFERROR('Raw OI Data'!O13/'Raw TV Data'!O13,0) | O11: =IFERROR('Raw OI Data'!O14/'Raw TV Data'!O14,0) | Q11: =IFERROR('Raw OI Data'!O15/'Raw TV Data'!O15,0) | R11: =IFERROR('Raw OI Data'!O16/'Raw TV Data'!O16,0) | S11: =IFERROR('Raw OI Data'!O17/'Raw TV Data'!O17,0) | T11: =IFERROR('Raw OI Data'!O18/'Raw TV Data'!O18,0) | V11: =IFERROR('Raw OI Data'!O19/'Raw TV Data'!O19,0) | W11: =IFERROR('Raw OI Data'!O20/'Raw TV Data'!O20,0) | X11: =IFERROR('Raw OI Data'!O21/'Raw TV Data'!O21,0) | Y11: =IFERROR('Raw OI Data'!O22/'Raw TV Data'!O22,0)
A12: NET CONVICTION (OI direction vs Volume direction — aligned = strong signal)
A13: Net Fut Idx OI | B13: ='Raw OI Data'!C3-'Raw OI Data'!D3 | C13: ='Raw OI Data'!C4-'Raw OI Data'!D4 | D13: ='Raw OI Data'!C5-'Raw OI Data'!D5 | E13: ='Raw OI Data'!C6-'Raw OI Data'!D6 | G13: ='Raw OI Data'!C7-'Raw OI Data'!D7 | H13: ='Raw OI Data'!C8-'Raw OI Data'!D8 | I13: ='Raw OI Data'!C9-'Raw OI Data'!D9 | J13: ='Raw OI Data'!C10-'Raw OI Data'!D10 | L13: ='Raw OI Data'!C11-'Raw OI Data'!D11 | M13: ='Raw OI Data'!C12-'Raw OI Data'!D12 | N13: ='Raw OI Data'!C13-'Raw OI Data'!D13 | O13: ='Raw OI Data'!C14-'Raw OI Data'!D14 | Q13: ='Raw OI Data'!C15-'Raw OI Data'!D15 | R13: ='Raw OI Data'!C16-'Raw OI Data'!D16 | S13: ='Raw OI Data'!C17-'Raw OI Data'!D17 | T13: ='Raw OI Data'!C18-'Raw OI Data'!D18 | V13: ='Raw OI Data'!C19-'Raw OI Data'!D19 | W13: ='Raw OI Data'!C20-'Raw OI Data'!D20 | X13: ='Raw OI Data'!C21-'Raw OI Data'!D21 | Y13: ='Raw OI Data'!C22-'Raw OI Data'!D22
A14: Net Fut Idx Vol | B14: ='Raw TV Data'!C3-'Raw TV Data'!D3 | C14: ='Raw TV Data'!C4-'Raw TV Data'!D4 | D14: ='Raw TV Data'!C5-'Raw TV Data'!D5 | E14: ='Raw TV Data'!C6-'Raw TV Data'!D6 | G14: ='Raw TV Data'!C7-'Raw TV Data'!D7 | H14: ='Raw TV Data'!C8-'Raw TV Data'!D8 | I14: ='Raw TV Data'!C9-'Raw TV Data'!D9 | J14: ='Raw TV Data'!C10-'Raw TV Data'!D10 | L14: ='Raw TV Data'!C11-'Raw TV Data'!D11 | M14: ='Raw TV Data'!C12-'Raw TV Data'!D12 | N14: ='Raw TV Data'!C13-'Raw TV Data'!D13 | O14: ='Raw TV Data'!C14-'Raw TV Data'!D14 | Q14: ='Raw TV Data'!C15-'Raw TV Data'!D15 | R14: ='Raw TV Data'!C16-'Raw TV Data'!D16 | S14: ='Raw TV Data'!C17-'Raw TV Data'!D17 | T14: ='Raw TV Data'!C18-'Raw TV Data'!D18 | V14: ='Raw TV Data'!C19-'Raw TV Data'!D19 | W14: ='Raw TV Data'!C20-'Raw TV Data'!D20 | X14: ='Raw TV Data'!C21-'Raw TV Data'!D21 | Y14: ='Raw TV Data'!C22-'Raw TV Data'!D22
A15: Net Idx Call OI | B15: ='Raw OI Data'!G3-'Raw OI Data'!I3 | C15: ='Raw OI Data'!G4-'Raw OI Data'!I4 | D15: ='Raw OI Data'!G5-'Raw OI Data'!I5 | E15: ='Raw OI Data'!G6-'Raw OI Data'!I6 | G15: ='Raw OI Data'!G7-'Raw OI Data'!I7 | H15: ='Raw OI Data'!G8-'Raw OI Data'!I8 | I15: ='Raw OI Data'!G9-'Raw OI Data'!I9 | J15: ='Raw OI Data'!G10-'Raw OI Data'!I10 | L15: ='Raw OI Data'!G11-'Raw OI Data'!I11 | M15: ='Raw OI Data'!G12-'Raw OI Data'!I12 | N15: ='Raw OI Data'!G13-'Raw OI Data'!I13 | O15: ='Raw OI Data'!G14-'Raw OI Data'!I14 | Q15: ='Raw OI Data'!G15-'Raw OI Data'!I15 | R15: ='Raw OI Data'!G16-'Raw OI Data'!I16 | S15: ='Raw OI Data'!G17-'Raw OI Data'!I17 | T15: ='Raw OI Data'!G18-'Raw OI Data'!I18 | V15: ='Raw OI Data'!G19-'Raw OI Data'!I19 | W15: ='Raw OI Data'!G20-'Raw OI Data'!I20 | X15: ='Raw OI Data'!G21-'Raw OI Data'!I21 | Y15: ='Raw OI Data'!G22-'Raw OI Data'!I22
A16: Net Idx Call Vol | B16: ='Raw TV Data'!G3-'Raw TV Data'!I3 | C16: ='Raw TV Data'!G4-'Raw TV Data'!I4 | D16: ='Raw TV Data'!G5-'Raw TV Data'!I5 | E16: ='Raw TV Data'!G6-'Raw TV Data'!I6 | G16: ='Raw TV Data'!G7-'Raw TV Data'!I7 | H16: ='Raw TV Data'!G8-'Raw TV Data'!I8 | I16: ='Raw TV Data'!G9-'Raw TV Data'!I9 | J16: ='Raw TV Data'!G10-'Raw TV Data'!I10 | L16: ='Raw TV Data'!G11-'Raw TV Data'!I11 | M16: ='Raw TV Data'!G12-'Raw TV Data'!I12 | N16: ='Raw TV Data'!G13-'Raw TV Data'!I13 | O16: ='Raw TV Data'!G14-'Raw TV Data'!I14 | Q16: ='Raw TV Data'!G15-'Raw TV Data'!I15 | R16: ='Raw TV Data'!G16-'Raw TV Data'!I16 | S16: ='Raw TV Data'!G17-'Raw TV Data'!I17 | T16: ='Raw TV Data'!G18-'Raw TV Data'!I18 | V16: ='Raw TV Data'!G19-'Raw TV Data'!I19 | W16: ='Raw TV Data'!G20-'Raw TV Data'!I20 | X16: ='Raw TV Data'!G21-'Raw TV Data'!I21 | Y16: ='Raw TV Data'!G22-'Raw TV Data'!I22
A17: Net Idx Put OI | B17: ='Raw OI Data'!H3-'Raw OI Data'!J3 | C17: ='Raw OI Data'!H4-'Raw OI Data'!J4 | D17: ='Raw OI Data'!H5-'Raw OI Data'!J5 | E17: ='Raw OI Data'!H6-'Raw OI Data'!J6 | G17: ='Raw OI Data'!H7-'Raw OI Data'!J7 | H17: ='Raw OI Data'!H8-'Raw OI Data'!J8 | I17: ='Raw OI Data'!H9-'Raw OI Data'!J9 | J17: ='Raw OI Data'!H10-'Raw OI Data'!J10 | L17: ='Raw OI Data'!H11-'Raw OI Data'!J11 | M17: ='Raw OI Data'!H12-'Raw OI Data'!J12 | N17: ='Raw OI Data'!H13-'Raw OI Data'!J13 | O17: ='Raw OI Data'!H14-'Raw OI Data'!J14 | Q17: ='Raw OI Data'!H15-'Raw OI Data'!J15 | R17: ='Raw OI Data'!H16-'Raw OI Data'!J16 | S17: ='Raw OI Data'!H17-'Raw OI Data'!J17 | T17: ='Raw OI Data'!H18-'Raw OI Data'!J18 | V17: ='Raw OI Data'!H19-'Raw OI Data'!J19 | W17: ='Raw OI Data'!H20-'Raw OI Data'!J20 | X17: ='Raw OI Data'!H21-'Raw OI Data'!J21 | Y17: ='Raw OI Data'!H22-'Raw OI Data'!J22
A18: Net Idx Put Vol | B18: ='Raw TV Data'!H3-'Raw TV Data'!J3 | C18: ='Raw TV Data'!H4-'Raw TV Data'!J4 | D18: ='Raw TV Data'!H5-'Raw TV Data'!J5 | E18: ='Raw TV Data'!H6-'Raw TV Data'!J6 | G18: ='Raw TV Data'!H7-'Raw TV Data'!J7 | H18: ='Raw TV Data'!H8-'Raw TV Data'!J8 | I18: ='Raw TV Data'!H9-'Raw TV Data'!J9 | J18: ='Raw TV Data'!H10-'Raw TV Data'!J10 | L18: ='Raw TV Data'!H11-'Raw TV Data'!J11 | M18: ='Raw TV Data'!H12-'Raw TV Data'!J12 | N18: ='Raw TV Data'!H13-'Raw TV Data'!J13 | O18: ='Raw TV Data'!H14-'Raw TV Data'!J14 | Q18: ='Raw TV Data'!H15-'Raw TV Data'!J15 | R18: ='Raw TV Data'!H16-'Raw TV Data'!J16 | S18: ='Raw TV Data'!H17-'Raw TV Data'!J17 | T18: ='Raw TV Data'!H18-'Raw TV Data'!J18 | V18: ='Raw TV Data'!H19-'Raw TV Data'!J19 | W18: ='Raw TV Data'!H20-'Raw TV Data'!J20 | X18: ='Raw TV Data'!H21-'Raw TV Data'!J21 | Y18: ='Raw TV Data'!H22-'Raw TV Data'!J22

Sheet Day-on-Day Changes
A1: NSE FAO — Day-on-Day OI & Volume Changes
A2: Metric | B2: Jul 06 2026 → Jul 07 2026 | G2: Jul 07 2026 → Jul 08 2026 | L2: Jul 08 2026 → Jul 09 2026 | Q2: Jul 09 2026 → Jul 10 2026
B3: Client | C3: DII | D3: FII | E3: Pro | G3: Client | H3: DII | I3: FII | J3: Pro | L3: Client | M3: DII | N3: FII | O3: Pro | Q3: Client | R3: DII | S3: FII | T3: Pro
A4: OI CHANGES (current session − previous session)
A5: Δ Fut Index Long | B5: ='Raw OI Data'!C7-'Raw OI Data'!C3 | C5: ='Raw OI Data'!C8-'Raw OI Data'!C4 | D5: ='Raw OI Data'!C9-'Raw OI Data'!C5 | E5: ='Raw OI Data'!C10-'Raw OI Data'!C6 | G5: ='Raw OI Data'!C11-'Raw OI Data'!C7 | H5: ='Raw OI Data'!C12-'Raw OI Data'!C8 | I5: ='Raw OI Data'!C13-'Raw OI Data'!C9 | J5: ='Raw OI Data'!C14-'Raw OI Data'!C10 | L5: ='Raw OI Data'!C15-'Raw OI Data'!C11 | M5: ='Raw OI Data'!C16-'Raw OI Data'!C12 | N5: ='Raw OI Data'!C17-'Raw OI Data'!C13 | O5: ='Raw OI Data'!C18-'Raw OI Data'!C14 | Q5: ='Raw OI Data'!C19-'Raw OI Data'!C15 | R5: ='Raw OI Data'!C20-'Raw OI Data'!C16 | S5: ='Raw OI Data'!C21-'Raw OI Data'!C17 | T5: ='Raw OI Data'!C22-'Raw OI Data'!C18
A6: Δ Fut Index Short | B6: ='Raw OI Data'!D7-'Raw OI Data'!D3 | C6: ='Raw OI Data'!D8-'Raw OI Data'!D4 | D6: ='Raw OI Data'!D9-'Raw OI Data'!D5 | E6: ='Raw OI Data'!D10-'Raw OI Data'!D6 | G6: ='Raw OI Data'!D11-'Raw OI Data'!D7 | H6: ='Raw OI Data'!D12-'Raw OI Data'!D8 | I6: ='Raw OI Data'!D13-'Raw OI Data'!D9 | J6: ='Raw OI Data'!D14-'Raw OI Data'!D10 | L6: ='Raw OI Data'!D15-'Raw OI Data'!D11 | M6: ='Raw OI Data'!D16-'Raw OI Data'!D12 | N6: ='Raw OI Data'!D17-'Raw OI Data'!D13 | O6: ='Raw OI Data'!D18-'Raw OI Data'!D14 | Q6: ='Raw OI Data'!D19-'Raw OI Data'!D15 | R6: ='Raw OI Data'!D20-'Raw OI Data'!D16 | S6: ='Raw OI Data'!D21-'Raw OI Data'!D17 | T6: ='Raw OI Data'!D22-'Raw OI Data'!D18
A7: Δ Net Fut Index OI | B7: =('Raw OI Data'!C7-'Raw OI Data'!D7)-('Raw OI Data'!C3-'Raw OI Data'!D3) | C7: =('Raw OI Data'!C8-'Raw OI Data'!D8)-('Raw OI Data'!C4-'Raw OI Data'!D4) | D7: =('Raw OI Data'!C9-'Raw OI Data'!D9)-('Raw OI Data'!C5-'Raw OI Data'!D5) | E7: =('Raw OI Data'!C10-'Raw OI Data'!D10)-('Raw OI Data'!C6-'Raw OI Data'!D6) | G7: =('Raw OI Data'!C11-'Raw OI Data'!D11)-('Raw OI Data'!C7-'Raw OI Data'!D7) | H7: =('Raw OI Data'!C12-'Raw OI Data'!D12)-('Raw OI Data'!C8-'Raw OI Data'!D8) | I7: =('Raw OI Data'!C13-'Raw OI Data'!D13)-('Raw OI Data'!C9-'Raw OI Data'!D9) | J7: =('Raw OI Data'!C14-'Raw OI Data'!D14)-('Raw OI Data'!C10-'Raw OI Data'!D10) | L7: =('Raw OI Data'!C15-'Raw OI Data'!D15)-('Raw OI Data'!C11-'Raw OI Data'!D11) | M7: =('Raw OI Data'!C16-'Raw OI Data'!D16)-('Raw OI Data'!C12-'Raw OI Data'!D12) | N7: =('Raw OI Data'!C17-'Raw OI Data'!D17)-('Raw OI Data'!C13-'Raw OI Data'!D13) | O7: =('Raw OI Data'!C18-'Raw OI Data'!D18)-('Raw OI Data'!C14-'Raw OI Data'!D14) | Q7: =('Raw OI Data'!C19-'Raw OI Data'!D19)-('Raw OI Data'!C15-'Raw OI Data'!D15) | R7: =('Raw OI Data'!C20-'Raw OI Data'!D20)-('Raw OI Data'!C16-'Raw OI Data'!D16) | S7: =('Raw OI Data'!C21-'Raw OI Data'!D21)-('Raw OI Data'!C17-'Raw OI Data'!D17) | T7: =('Raw OI Data'!C22-'Raw OI Data'!D22)-('Raw OI Data'!C18-'Raw OI Data'!D18)
A8: Δ Fut Stock Long | B8: ='Raw OI Data'!E7-'Raw OI Data'!E3 | C8: ='Raw OI Data'!E8-'Raw OI Data'!E4 | D8: ='Raw OI Data'!E9-'Raw OI Data'!E5 | E8: ='Raw OI Data'!E10-'Raw OI Data'!E6 | G8: ='Raw OI Data'!E11-'Raw OI Data'!E7 | H8: ='Raw OI Data'!E12-'Raw OI Data'!E8 | I8: ='Raw OI Data'!E13-'Raw OI Data'!E9 | J8: ='Raw OI Data'!E14-'Raw OI Data'!E10 | L8: ='Raw OI Data'!E15-'Raw OI Data'!E11 | M8: ='Raw OI Data'!E16-'Raw OI Data'!E12 | N8: ='Raw OI Data'!E17-'Raw OI Data'!E13 | O8: ='Raw OI Data'!E18-'Raw OI Data'!E14 | Q8: ='Raw OI Data'!E19-'Raw OI Data'!E15 | R8: ='Raw OI Data'!E20-'Raw OI Data'!E16 | S8: ='Raw OI Data'!E21-'Raw OI Data'!E17 | T8: ='Raw OI Data'!E22-'Raw OI Data'!E18
A9: Δ Fut Stock Short | B9: ='Raw OI Data'!F7-'Raw OI Data'!F3 | C9: ='Raw OI Data'!F8-'Raw OI Data'!F4 | D9: ='Raw OI Data'!F9-'Raw OI Data'!F5 | E9: ='Raw OI Data'!F10-'Raw OI Data'!F6 | G9: ='Raw OI Data'!F11-'Raw OI Data'!F7 | H9: ='Raw OI Data'!F12-'Raw OI Data'!F8 | I9: ='Raw OI Data'!F13-'Raw OI Data'!F9 | J9: ='Raw OI Data'!F14-'Raw OI Data'!F10 | L9: ='Raw OI Data'!F15-'Raw OI Data'!F11 | M9: ='Raw OI Data'!F16-'Raw OI Data'!F12 | N9: ='Raw OI Data'!F17-'Raw OI Data'!F13 | O9: ='Raw OI Data'!F18-'Raw OI Data'!F14 | Q9: ='Raw OI Data'!F19-'Raw OI Data'!F15 | R9: ='Raw OI Data'!F20-'Raw OI Data'!F16 | S9: ='Raw OI Data'!F21-'Raw OI Data'!F17 | T9: ='Raw OI Data'!F22-'Raw OI Data'!F18
A10: Δ Net Fut Stock OI | B10: =('Raw OI Data'!E7-'Raw OI Data'!F7)-('Raw OI Data'!E3-'Raw OI Data'!F3) | C10: =('Raw OI Data'!E8-'Raw OI Data'!F8)-('Raw OI Data'!E4-'Raw OI Data'!F4) | D10: =('Raw OI Data'!E9-'Raw OI Data'!F9)-('Raw OI Data'!E5-'Raw OI Data'!F5) | E10: =('Raw OI Data'!E10-'Raw OI Data'!F10)-('Raw OI Data'!E6-'Raw OI Data'!F6) | G10: =('Raw OI Data'!E11-'Raw OI Data'!F11)-('Raw OI Data'!E7-'Raw OI Data'!F7) | H10: =('Raw OI Data'!E12-'Raw OI Data'!F12)-('Raw OI Data'!E8-'Raw OI Data'!F8) | I10: =('Raw OI Data'!E13-'Raw OI Data'!F13)-('Raw OI Data'!E9-'Raw OI Data'!F9) | J10: =('Raw OI Data'!E14-'Raw OI Data'!F14)-('Raw OI Data'!E10-'Raw OI Data'!F10) | L10: =('Raw OI Data'!E15-'Raw OI Data'!F15)-('Raw OI Data'!E11-'Raw OI Data'!F11) | M10: =('Raw OI Data'!E16-'Raw OI Data'!F16)-('Raw OI Data'!E12-'Raw OI Data'!F12) | N10: =('Raw OI Data'!E17-'Raw OI Data'!F17)-('Raw OI Data'!E13-'Raw OI Data'!F13) | O10: =('Raw OI Data'!E18-'Raw OI Data'!F18)-('Raw OI Data'!E14-'Raw OI Data'!F14) | Q10: =('Raw OI Data'!E19-'Raw OI Data'!F19)-('Raw OI Data'!E15-'Raw OI Data'!F15) | R10: =('Raw OI Data'!E20-'Raw OI Data'!F20)-('Raw OI Data'!E16-'Raw OI Data'!F16) | S10: =('Raw OI Data'!E21-'Raw OI Data'!F21)-('Raw OI Data'!E17-'Raw OI Data'!F17) | T10: =('Raw OI Data'!E22-'Raw OI Data'!F22)-('Raw OI Data'!E18-'Raw OI Data'!F18)
A11: Δ Idx Call Long OI | B11: ='Raw OI Data'!G7-'Raw OI Data'!G3 | C11: ='Raw OI Data'!G8-'Raw OI Data'!G4 | D11: ='Raw OI Data'!G9-'Raw OI Data'!G5 | E11: ='Raw OI Data'!G10-'Raw OI Data'!G6 | G11: ='Raw OI Data'!G11-'Raw OI Data'!G7 | H11: ='Raw OI Data'!G12-'Raw OI Data'!G8 | I11: ='Raw OI Data'!G13-'Raw OI Data'!G9 | J11: ='Raw OI Data'!G14-'Raw OI Data'!G10 | L11: ='Raw OI Data'!G15-'Raw OI Data'!G11 | M11: ='Raw OI Data'!G16-'Raw OI Data'!G12 | N11: ='Raw OI Data'!G17-'Raw OI Data'!G13 | O11: ='Raw OI Data'!G18-'Raw OI Data'!G14 | Q11: ='Raw OI Data'!G19-'Raw OI Data'!G15 | R11: ='Raw OI Data'!G20-'Raw OI Data'!G16 | S11: ='Raw OI Data'!G21-'Raw OI Data'!G17 | T11: ='Raw OI Data'!G22-'Raw OI Data'!G18
A12: Δ Idx Put Long OI | B12: ='Raw OI Data'!H7-'Raw OI Data'!H3 | C12: ='Raw OI Data'!H8-'Raw OI Data'!H4 | D12: ='Raw OI Data'!H9-'Raw OI Data'!H5 | E12: ='Raw OI Data'!H10-'Raw OI Data'!H6 | G12: ='Raw OI Data'!H11-'Raw OI Data'!H7 | H12: ='Raw OI Data'!H12-'Raw OI Data'!H8 | I12: ='Raw OI Data'!H13-'Raw OI Data'!H9 | J12: ='Raw OI Data'!H14-'Raw OI Data'!H10 | L12: ='Raw OI Data'!H15-'Raw OI Data'!H11 | M12: ='Raw OI Data'!H16-'Raw OI Data'!H12 | N12: ='Raw OI Data'!H17-'Raw OI Data'!H13 | O12: ='Raw OI Data'!H18-'Raw OI Data'!H14 | Q12: ='Raw OI Data'!H19-'Raw OI Data'!H15 | R12: ='Raw OI Data'!H20-'Raw OI Data'!H16 | S12: ='Raw OI Data'!H21-'Raw OI Data'!H17 | T12: ='Raw OI Data'!H22-'Raw OI Data'!H18
A13: Δ Index OI PCR | B13: =IFERROR('Raw OI Data'!H7/'Raw OI Data'!G7,0)-IFERROR('Raw OI Data'!H3/'Raw OI Data'!G3,0) | C13: =IFERROR('Raw OI Data'!H8/'Raw OI Data'!G8,0)-IFERROR('Raw OI Data'!H4/'Raw OI Data'!G4,0) | D13: =IFERROR('Raw OI Data'!H9/'Raw OI Data'!G9,0)-IFERROR('Raw OI Data'!H5/'Raw OI Data'!G5,0) | E13: =IFERROR('Raw OI Data'!H10/'Raw OI Data'!G10,0)-IFERROR('Raw OI Data'!H6/'Raw OI Data'!G6,0) | G13: =IFERROR('Raw OI Data'!H11/'Raw OI Data'!G11,0)-IFERROR('Raw OI Data'!H7/'Raw OI Data'!G7,0) | H13: =IFERROR('Raw OI Data'!H12/'Raw OI Data'!G12,0)-IFERROR('Raw OI Data'!H8/'Raw OI Data'!G8,0) | I13: =IFERROR('Raw OI Data'!H13/'Raw OI Data'!G13,0)-IFERROR('Raw OI Data'!H9/'Raw OI Data'!G9,0) | J13: =IFERROR('Raw OI Data'!H14/'Raw OI Data'!G14,0)-IFERROR('Raw OI Data'!H10/'Raw OI Data'!G10,0) | L13: =IFERROR('Raw OI Data'!H15/'Raw OI Data'!G15,0)-IFERROR('Raw OI Data'!H11/'Raw OI Data'!G11,0) | M13: =IFERROR('Raw OI Data'!H16/'Raw OI Data'!G16,0)-IFERROR('Raw OI Data'!H12/'Raw OI Data'!G12,0) | N13: =IFERROR('Raw OI Data'!H17/'Raw OI Data'!G17,0)-IFERROR('Raw OI Data'!H13/'Raw OI Data'!G13,0) | O13: =IFERROR('Raw OI Data'!H18/'Raw OI Data'!G18,0)-IFERROR('Raw OI Data'!H14/'Raw OI Data'!G14,0) | Q13: =IFERROR('Raw OI Data'!H19/'Raw OI Data'!G19,0)-IFERROR('Raw OI Data'!H15/'Raw OI Data'!G15,0) | R13: =IFERROR('Raw OI Data'!H20/'Raw OI Data'!G20,0)-IFERROR('Raw OI Data'!H16/'Raw OI Data'!G16,0) | S13: =IFERROR('Raw OI Data'!H21/'Raw OI Data'!G21,0)-IFERROR('Raw OI Data'!H17/'Raw OI Data'!G17,0) | T13: =IFERROR('Raw OI Data'!H22/'Raw OI Data'!G22,0)-IFERROR('Raw OI Data'!H18/'Raw OI Data'!G18,0)
A14: Δ Total Long OI | B14: ='Raw OI Data'!O7-'Raw OI Data'!O3 | C14: ='Raw OI Data'!O8-'Raw OI Data'!O4 | D14: ='Raw OI Data'!O9-'Raw OI Data'!O5 | E14: ='Raw OI Data'!O10-'Raw OI Data'!O6 | G14: ='Raw OI Data'!O11-'Raw OI Data'!O7 | H14: ='Raw OI Data'!O12-'Raw OI Data'!O8 | I14: ='Raw OI Data'!O13-'Raw OI Data'!O9 | J14: ='Raw OI Data'!O14-'Raw OI Data'!O10 | L14: ='Raw OI Data'!O15-'Raw OI Data'!O11 | M14: ='Raw OI Data'!O16-'Raw OI Data'!O12 | N14: ='Raw OI Data'!O17-'Raw OI Data'!O13 | O14: ='Raw OI Data'!O18-'Raw OI Data'!O14 | Q14: ='Raw OI Data'!O19-'Raw OI Data'!O15 | R14: ='Raw OI Data'!O20-'Raw OI Data'!O16 | S14: ='Raw OI Data'!O21-'Raw OI Data'!O17 | T14: ='Raw OI Data'!O22-'Raw OI Data'!O18
A15: Δ Total Short OI | B15: ='Raw OI Data'!P7-'Raw OI Data'!P3 | C15: ='Raw OI Data'!P8-'Raw OI Data'!P4 | D15: ='Raw OI Data'!P9-'Raw OI Data'!P5 | E15: ='Raw OI Data'!P10-'Raw OI Data'!P6 | G15: ='Raw OI Data'!P11-'Raw OI Data'!P7 | H15: ='Raw OI Data'!P12-'Raw OI Data'!P8 | I15: ='Raw OI Data'!P13-'Raw OI Data'!P9 | J15: ='Raw OI Data'!P14-'Raw OI Data'!P10 | L15: ='Raw OI Data'!P15-'Raw OI Data'!P11 | M15: ='Raw OI Data'!P16-'Raw OI Data'!P12 | N15: ='Raw OI Data'!P17-'Raw OI Data'!P13 | O15: ='Raw OI Data'!P18-'Raw OI Data'!P14 | Q15: ='Raw OI Data'!P19-'Raw OI Data'!P15 | R15: ='Raw OI Data'!P20-'Raw OI Data'!P16 | S15: ='Raw OI Data'!P21-'Raw OI Data'!P17 | T15: ='Raw OI Data'!P22-'Raw OI Data'!P18
A16: Δ Net Total OI | B16: =('Raw OI Data'!O7-'Raw OI Data'!P7)-('Raw OI Data'!O3-'Raw OI Data'!P3) | C16: =('Raw OI Data'!O8-'Raw OI Data'!P8)-('Raw OI Data'!O4-'Raw OI Data'!P4) | D16: =('Raw OI Data'!O9-'Raw OI Data'!P9)-('Raw OI Data'!O5-'Raw OI Data'!P5) | E16: =('Raw OI Data'!O10-'Raw OI Data'!P10)-('Raw OI Data'!O6-'Raw OI Data'!P6) | G16: =('Raw OI Data'!O11-'Raw OI Data'!P11)-('Raw OI Data'!O7-'Raw OI Data'!P7) | H16: =('Raw OI Data'!O12-'Raw OI Data'!P12)-('Raw OI Data'!O8-'Raw OI Data'!P8) | I16: =('Raw OI Data'!O13-'Raw OI Data'!P13)-('Raw OI Data'!O9-'Raw OI Data'!P9) | J16: =('Raw OI Data'!O14-'Raw OI Data'!P14)-('Raw OI Data'!O10-'Raw OI Data'!P10) | L16: =('Raw OI Data'!O15-'Raw OI Data'!P15)-('Raw OI Data'!O11-'Raw OI Data'!P11) | M16: =('Raw OI Data'!O16-'Raw OI Data'!P16)-('Raw OI Data'!O12-'Raw OI Data'!P12) | N16: =('Raw OI Data'!O17-'Raw OI Data'!P17)-('Raw OI Data'!O13-'Raw OI Data'!P13) | O16: =('Raw OI Data'!O18-'Raw OI Data'!P18)-('Raw OI Data'!O14-'Raw OI Data'!P14) | Q16: =('Raw OI Data'!O19-'Raw OI Data'!P19)-('Raw OI Data'!O15-'Raw OI Data'!P15) | R16: =('Raw OI Data'!O20-'Raw OI Data'!P20)-('Raw OI Data'!O16-'Raw OI Data'!P16) | S16: =('Raw OI Data'!O21-'Raw OI Data'!P21)-('Raw OI Data'!O17-'Raw OI Data'!P17) | T16: =('Raw OI Data'!O22-'Raw OI Data'!P22)-('Raw OI Data'!O18-'Raw OI Data'!P18)
A17: VOLUME CHANGES
A18: Δ Fut Idx Buy Vol | B18: ='Raw TV Data'!C7-'Raw TV Data'!C3 | C18: ='Raw TV Data'!C8-'Raw TV Data'!C4 | D18: ='Raw TV Data'!C9-'Raw TV Data'!C5 | E18: ='Raw TV Data'!C10-'Raw TV Data'!C6 | G18: ='Raw TV Data'!C11-'Raw TV Data'!C7 | H18: ='Raw TV Data'!C12-'Raw TV Data'!C8 | I18: ='Raw TV Data'!C13-'Raw TV Data'!C9 | J18: ='Raw TV Data'!C14-'Raw TV Data'!C10 | L18: ='Raw TV Data'!C15-'Raw TV Data'!C11 | M18: ='Raw TV Data'!C16-'Raw TV Data'!C12 | N18: ='Raw TV Data'!C17-'Raw TV Data'!C13 | O18: ='Raw TV Data'!C18-'Raw TV Data'!C14 | Q18: ='Raw TV Data'!C19-'Raw TV Data'!C15 | R18: ='Raw TV Data'!C20-'Raw TV Data'!C16 | S18: ='Raw TV Data'!C21-'Raw TV Data'!C17 | T18: ='Raw TV Data'!C22-'Raw TV Data'!C18
A19: Δ Idx Call Buy Vol | B19: ='Raw TV Data'!G7-'Raw TV Data'!G3 | C19: ='Raw TV Data'!G8-'Raw TV Data'!G4 | D19: ='Raw TV Data'!G9-'Raw TV Data'!G5 | E19: ='Raw TV Data'!G10-'Raw TV Data'!G6 | G19: ='Raw TV Data'!G11-'Raw TV Data'!G7 | H19: ='Raw TV Data'!G12-'Raw TV Data'!G8 | I19: ='Raw TV Data'!G13-'Raw TV Data'!G9 | J19: ='Raw TV Data'!G14-'Raw TV Data'!G10 | L19: ='Raw TV Data'!G15-'Raw TV Data'!G11 | M19: ='Raw TV Data'!G16-'Raw TV Data'!G12 | N19: ='Raw TV Data'!G17-'Raw TV Data'!G13 | O19: ='Raw TV Data'!G18-'Raw TV Data'!G14 | Q19: ='Raw TV Data'!G19-'Raw TV Data'!G15 | R19: ='Raw TV Data'!G20-'Raw TV Data'!G16 | S19: ='Raw TV Data'!G21-'Raw TV Data'!G17 | T19: ='Raw TV Data'!G22-'Raw TV Data'!G18
A20: Δ Idx Put Buy Vol | B20: ='Raw TV Data'!H7-'Raw TV Data'!H3 | C20: ='Raw TV Data'!H8-'Raw TV Data'!H4 | D20: ='Raw TV Data'!H9-'Raw TV Data'!H5 | E20: ='Raw TV Data'!H10-'Raw TV Data'!H6 | G20: ='Raw TV Data'!H11-'Raw TV Data'!H7 | H20: ='Raw TV Data'!H12-'Raw TV Data'!H8 | I20: ='Raw TV Data'!H13-'Raw TV Data'!H9 | J20: ='Raw TV Data'!H14-'Raw TV Data'!H10 | L20: ='Raw TV Data'!H15-'Raw TV Data'!H11 | M20: ='Raw TV Data'!H16-'Raw TV Data'!H12 | N20: ='Raw TV Data'!H17-'Raw TV Data'!H13 | O20: ='Raw TV Data'!H18-'Raw TV Data'!H14 | Q20: ='Raw TV Data'!H19-'Raw TV Data'!H15 | R20: ='Raw TV Data'!H20-'Raw TV Data'!H16 | S20: ='Raw TV Data'!H21-'Raw TV Data'!H17 | T20: ='Raw TV Data'!H22-'Raw TV Data'!H18
A21: Δ Vol PCR (Index) | B21: =IFERROR('Raw TV Data'!H7/'Raw TV Data'!G7,0)-IFERROR('Raw TV Data'!H3/'Raw TV Data'!G3,0) | C21: =IFERROR('Raw TV Data'!H8/'Raw TV Data'!G8,0)-IFERROR('Raw TV Data'!H4/'Raw TV Data'!G4,0) | D21: =IFERROR('Raw TV Data'!H9/'Raw TV Data'!G9,0)-IFERROR('Raw TV Data'!H5/'Raw TV Data'!G5,0) | E21: =IFERROR('Raw TV Data'!H10/'Raw TV Data'!G10,0)-IFERROR('Raw TV Data'!H6/'Raw TV Data'!G6,0) | G21: =IFERROR('Raw TV Data'!H11/'Raw TV Data'!G11,0)-IFERROR('Raw TV Data'!H7/'Raw TV Data'!G7,0) | H21: =IFERROR('Raw TV Data'!H12/'Raw TV Data'!G12,0)-IFERROR('Raw TV Data'!H8/'Raw TV Data'!G8,0) | I21: =IFERROR('Raw TV Data'!H13/'Raw TV Data'!G13,0)-IFERROR('Raw TV Data'!H9/'Raw TV Data'!G9,0) | J21: =IFERROR('Raw TV Data'!H14/'Raw TV Data'!G14,0)-IFERROR('Raw TV Data'!H10/'Raw TV Data'!G10,0) | L21: =IFERROR('Raw TV Data'!H15/'Raw TV Data'!G15,0)-IFERROR('Raw TV Data'!H11/'Raw TV Data'!G11,0) | M21: =IFERROR('Raw TV Data'!H16/'Raw TV Data'!G16,0)-IFERROR('Raw TV Data'!H12/'Raw TV Data'!G12,0) | N21: =IFERROR('Raw TV Data'!H17/'Raw TV Data'!G17,0)-IFERROR('Raw TV Data'!H13/'Raw TV Data'!G13,0) | O21: =IFERROR('Raw TV Data'!H18/'Raw TV Data'!G18,0)-IFERROR('Raw TV Data'!H14/'Raw TV Data'!G14,0) | Q21: =IFERROR('Raw TV Data'!H19/'Raw TV Data'!G19,0)-IFERROR('Raw TV Data'!H15/'Raw TV Data'!G15,0) | R21: =IFERROR('Raw TV Data'!H20/'Raw TV Data'!G20,0)-IFERROR('Raw TV Data'!H16/'Raw TV Data'!G16,0) | S21: =IFERROR('Raw TV Data'!H21/'Raw TV Data'!G21,0)-IFERROR('Raw TV Data'!H17/'Raw TV Data'!G17,0) | T21: =IFERROR('Raw TV Data'!H22/'Raw TV Data'!G22,0)-IFERROR('Raw TV Data'!H18/'Raw TV Data'!G18,0)
A22: Δ Total Buy Vol | B22: ='Raw TV Data'!O7-'Raw TV Data'!O3 | C22: ='Raw TV Data'!O8-'Raw TV Data'!O4 | D22: ='Raw TV Data'!O9-'Raw TV Data'!O5 | E22: ='Raw TV Data'!O10-'Raw TV Data'!O6 | G22: ='Raw TV Data'!O11-'Raw TV Data'!O7 | H22: ='Raw TV Data'!O12-'Raw TV Data'!O8 | I22: ='Raw TV Data'!O13-'Raw TV Data'!O9 | J22: ='Raw TV Data'!O14-'Raw TV Data'!O10 | L22: ='Raw TV Data'!O15-'Raw TV Data'!O11 | M22: ='Raw TV Data'!O16-'Raw TV Data'!O12 | N22: ='Raw TV Data'!O17-'Raw TV Data'!O13 | O22: ='Raw TV Data'!O18-'Raw TV Data'!O14 | Q22: ='Raw TV Data'!O19-'Raw TV Data'!O15 | R22: ='Raw TV Data'!O20-'Raw TV Data'!O16 | S22: ='Raw TV Data'!O21-'Raw TV Data'!O17 | T22: ='Raw TV Data'!O22-'Raw TV Data'!O18

Sheet Option Chain View
A1: NSE FAO — Option Chain View (Strike-wise, All Dates)
A2: Strike | B2: Jul 10 2026
B3: ← CALLS | G3: PUTS → | L3: PCR
A4: Strike | B4: Call OI | C4: Call ΔOI | D4: Call Vol | E4: Call IV | F4: Call LTP | G4: Put OI | H4: Put ΔOI | I4: Put Vol | J4: Put IV | K4: Put LTP | L4: P/C OI
A5: 21400 | B5: 4 | C5: 0 | D5: 3 | F5: 2820 | G5: 44925 | H5: 5835 | I5: 46894 | J5: 42.32 | K5: 0.75 | L5: 11231.25
A6: 21450 | B6: 32 | C6: -1 | D6: 16 | F6: 2759.2 | G6: 1722 | H6: 724 | I6: 6870 | J6: 42.34 | K6: 0.9 | L6: 53.81
A7: 21500 | B7: 36 | C7: -1 | D7: 2 | F7: 2673.4 | G7: 31422 | H7: 1102 | I7: 85224 | J7: 41.38 | K7: 0.85 | L7: 872.83
A8: 21550 | B8: 31 | C8: -7 | D8: 19 | F8: 2660.9 | G8: 1482 | H8: 603 | I8: 4879 | J8: 40.65 | K8: 0.85 | L8: 47.81
A9: 21600 | B9: 15 | C9: -11 | D9: 11 | F9: 2610.35 | G9: 5526 | H9: 1391 | I9: 29596 | J9: 40.36 | K9: 0.95 | L9: 368.4
A10: 21650 | B10: 46 | C10: -1 | D10: 19 | F10: 2565.25 | G10: 1296 | H10: 605 | I10: 4521 | J10: 39.63 | K10: 0.95 | L10: 28.17
A11: 21700 | B11: 61 | C11: -6 | D11: 16 | F11: 2509.05 | G11: 5187 | H11: 2837 | I11: 42257 | J11: 39.1 | K11: 1 | L11: 85.03
A12: 21750 | B12: 30 | C12: -12 | D12: 14 | F12: 2410 | G12: 992 | H12: 391 | I12: 2857 | J12: 38.55 | K12: 1.05 | L12: 33.07
A13: 21800 | B13: 6 | C13: 0 | D13: 0 | F13: 2139.8 | G13: 13563 | H13: 2662 | I13: 63202 | J13: 37.81 | K13: 1.05 | L13: 2260.5
A14: 21850 | B14: 7 | C14: -6 | D14: 6 | F14: 2354.25 | G14: 1653 | H14: 803 | I14: 8576 | J14: 37.07 | K14: 1.05 | L14: 236.14
A15: 21900 | B15: 16 | C15: 0 | D15: 0 | E15: 52.41 | F15: 2112.05 | G15: 5124 | H15: 2149 | I15: 23336 | J15: 36.68 | K15: 1.15 | L15: 320.25
A16: 21950 | B16: 50 | C16: 0 | D16: 5 | F16: 2231.85 | G16: 1751 | H16: 569 | I16: 14101 | J16: 36.1 | K16: 1.2 | L16: 35.02
A17: 22000 | B17: 50 | C17: -1 | D17: 3 | F17: 2219.3 | G17: 65388 | H17: 7740 | I17: 189567 | J17: 35.66 | K17: 1.3 | L17: 1307.76
A18: 22050 | B18: 25 | C18: -17 | D18: 17 | F18: 2159 | G18: 3066 | H18: 472 | I18: 21583 | J18: 35.05 | K18: 1.35 | L18: 122.64
A19: 22100 | B19: 52 | C19: 0 | D19: 4 | F19: 2090.9 | G19: 7998 | H19: 3754 | I19: 43806 | J19: 33.71 | K19: 1.15 | L19: 153.81
A20: 22150 | B20: 25 | C20: -7 | D20: 21 | F20: 2058.95 | G20: 2092 | H20: 442 | I20: 26880 | J20: 33.54 | K20: 1.35 | L20: 83.68
A21: 22200 | B21: 29 | C21: -2 | D21: 12 | F21: 2011.9 | G21: 20160 | H21: 6194 | I21: 102632 | J21: 32.79 | K21: 1.35 | L21: 695.17
A22: 22250 | B22: 8 | C22: 5 | D22: 11 | F22: 1955.9 | G22: 2824 | H22: 136 | I22: 25041 | J22: 32.17 | K22: 1.4 | L22: 353
A23: 22300 | B23: 15 | C23: -4 | D23: 6 | E23: 47.99 | F23: 1955.1 | G23: 20565 | H23: 10157 | I23: 113900 | J23: 31.54 | K23: 1.45 | L23: 1371
A24: 22350 | B24: 32 | C24: -14 | D24: 14 | F24: 1861.45 | G24: 2896 | H24: -98 | I24: 26184 | J24: 30.9 | K24: 1.5 | L24: 90.5
A25: 22400 | B25: 32 | C25: -8 | D25: 12 | F25: 1811.5 | G25: 12982 | H25: 919 | I25: 108673 | J25: 30.14 | K25: 1.5 | L25: 405.69
A26: 22450 | B26: 18 | C26: 0 | D26: 1 | F26: 1723.45 | G26: 5141 | H26: 2972 | I26: 40753 | J26: 29.6 | K26: 1.6 | L26: 285.61
A27: 22500 | B27: 182 | C27: -2 | D27: 29 | F27: 1717.35 | G27: 108674 | H27: 13919 | I27: 550357 | J27: 28.61 | K27: 1.5 | L27: 597.11
A28: 22550 | B28: 34 | C28: -7 | D28: 13 | F28: 1609.05 | G28: 9829 | H28: 2705 | I28: 78551 | J28: 27.85 | K28: 1.5 | L28: 289.09
A29: 22600 | B29: 37 | C29: -1 | D29: 3 | F29: 1606.25 | G29: 31813 | H29: 131 | I29: 204077 | J29: 27.4 | K29: 1.65 | L29: 859.81
A30: 22650 | B30: 33 | C30: 0 | D30: 0 | E30: 51.33 | F30: 1428.85 | G30: 7232 | H30: 966 | I30: 75440 | J30: 27 | K30: 1.85 | L30: 219.15
A31: 22700 | B31: 36 | C31: 7 | D31: 18 | F31: 1509.95 | G31: 46616 | H31: 19090 | I31: 267087 | J31: 26.04 | K31: 1.75 | L31: 1294.89
A32: 22750 | B32: 45 | C32: 0 | D32: 1 | F32: 1424.35 | G32: 10081 | H32: 1264 | I32: 75937 | J32: 25.44 | K32: 1.85 | L32: 224.02
A33: 22800 | B33: 96 | C33: 9 | D33: 9 | F33: 1407 | G33: 59723 | H33: 19176 | I33: 448162 | J33: 25.06 | K33: 2.1 | L33: 622.11
A34: 22850 | B34: 67 | C34: -8 | D34: 25 | F34: 1338.15 | G34: 9153 | H34: 2488 | I34: 85113 | J34: 24.49 | K34: 2.25 | L34: 136.61
A35: 22900 | B35: 24 | C35: 1 | D35: 10 | F35: 1305.4 | G35: 34578 | H35: 11301 | I35: 324879 | J35: 23.69 | K35: 2.25 | L35: 1440.75
A36: 22950 | B36: 91 | C36: -9 | D36: 12 | F36: 1252.55 | G36: 9859 | H36: 348 | I36: 111977 | J36: 22.96 | K36: 2.3 | L36: 108.34
A37: 23000 | B37: 1495 | C37: -54 | D37: 655 | F37: 1215.85 | G37: 188373 | H37: 61076 | I37: 1006753 | J37: 22.34 | K37: 2.45 | L37: 126
A38: 23050 | B38: 54 | C38: -1 | D38: 8 | F38: 1140.25 | G38: 12463 | H38: -1268 | I38: 138654 | J38: 21.59 | K38: 2.5 | L38: 230.8
A39: 23100 | B39: 130 | C39: 30 | D39: 172 | F39: 1116.6 | G39: 42054 | H39: 11449 | I39: 425825 | J39: 21.01 | K39: 2.7 | L39: 323.49
A40: 23150 | B40: 47 | C40: 24 | D40: 29 | F40: 1030.65 | G40: 13673 | H40: 1002 | I40: 203593 | J40: 20.39 | K40: 2.9 | L40: 290.91
A41: 23200 | B41: 588 | C41: -120 | D41: 613 | F41: 1017.8 | G41: 85217 | H41: 47715 | I41: 591520 | J41: 19.7 | K41: 3.05 | L41: 144.93
A42: 23250 | B42: 273 | C42: 30 | D42: 93 | F42: 967.3 | G42: 23318 | H42: -5888 | I42: 280580 | J42: 19 | K42: 3.2 | L42: 85.41
... A54: 23850 | B54: 4861 | C54: -3489 | D54: 25665 | F54: 381.5 | G54: 50694 | H54: 18612 | I54: 754811 | J54: 12.37 | K54: 16.35 | L54: 10.43
A55: 23900 | B55: 13729 | C55: -15366 | D55: 161569 | E55: 7.49 | F55: 336 | G55: 100653 | H55: 31612 | I55: 1495038 | J55: 11.87 | K55: 19.9 | L55: 7.33
A56: 23950 | B56: 5460 | C56: -15954 | D56: 131530 | E56: 8.63 | F56: 293 | G56: 57665 | H56: 23893 | I56: 1128815 | J56: 11.48 | K56: 25.1 | L56: 10.56
A57: 24000 | B57: 50180 | C57: -71080 | D57: 1038532 | E57: 8.16 | F57: 246.4 | G57: 161957 | H57: 68949 | I57: 2872110 | J57: 11.12 | K57: 31.9 | L57: 3.23
A58: 24050 | B58: 14334 | C58: -30831 | D58: 638234 | E58: 8.59 | F58: 207.3 | G58: 51761 | H58: 24961 | I58: 1590100 | J58: 10.81 | K58: 40.9 | L58: 3.61
A59: 24100 | B59: 43051 | C59: -44813 | D59: 2444672 | E59: 8.42 | F59: 167.7 | G59: 122920 | H59: 81979 | I59: 3671401 | J59: 10.51 | K59: 52.4 | L59: 2.86
A60: 24150 | B60: 68897 | C60: 33433 | D60: 3462333 | E60: 8.64 | F60: 135.15 | G60: 121695 | H60: 110035 | I60: 4539113 | J60: 10.32 | K60: 67.75 | L60: 1.77
A61: 24200 | B61: 144699 | C61: 6689 | D61: 7567286 | E61: 8.54 | F61: 104 | G61: 158389 | H61: 115617 | I61: 6379639 | J61: 10.28 | K61: 88.05 | L61: 1.09
A62: 24250 | B62: 86704 | C62: 25357 | D62: 3765898 | E62: 8.55 | F62: 78.4 | G62: 53552 | H62: 36076 | I62: 1994014 | J62: 10.15 | K62: 111.15 | L62: 0.62
A63: 24300 | B63: 144630 | C63: 11664 | D63: 3822136 | E63: 8.65 | F63: 58.3 | G63: 37771 | H63: 8857 | I63: 1379254 | J63: 10.32 | K63: 141.1 | L63: 0.26
A64: 24350 | B64: 46474 | C64: -6901 | D64: 1844992 | E64: 8.65 | F64: 41.5 | G64: 7175 | H64: 1789 | I64: 316744 | J64: 10.46 | K64: 174.2 | L64: 0.15
A65: 24400 | B65: 99528 | C65: -2203 | D65: 2437591 | E65: 8.74 | F65: 29.2 | G65: 17977 | H65: 625 | I65: 335110 | J65: 11.04 | K65: 214.25 | L65: 0.18
A66: 24450 | B66: 52447 | C66: -1431 | D66: 1519355 | E66: 8.84 | F66: 20.15 | G66: 4465 | H66: -198 | I66: 51744 | J66: 11.22 | K66: 253.3 | L66: 0.09
... A89: 25600 | B89: 22725 | C89: -10918 | D89: 96305 | E89: 19.64 | F89: 0.6 | G89: 24 | H89: 11 | I89: 16 | J89: 34.66 | K89: 1390.8 | L89: 0
A90: 25650 | B90: 5574 | C90: -2393 | D90: 21482 | E90: 20.26 | F90: 0.6 | G90: 22 | H90: 0 | I90: 0 | K90: 1596.45 | L90: 0
A91: 25700 | B91: 19220 | C91: -6395 | D91: 61142 | E91: 21.05 | F91: 0.65 | G91: 12 | H91: 0 | I91: 0 | K91: 1618.5 | L91: 0
A92: 25750 | B92: 3693 | C92: -2268 | D92: 15714 | E92: 21.5 | F92: 0.6 | G92: 27 | H92: -3 | I92: 3 | J92: 37.47 | K92: 1540.6 | L92: 0.01
A93: 25800 | B93: 9743 | C93: -7092 | D93: 37761 | E93: 22.11 | F93: 0.6 | G93: 29 | H93: -3 | I93: 19 | J93: 35.45 | K93: 1582.3 | L93: 0
A94: 25850 | B94: 2073 | C94: -1310 | D94: 9710 | E94: 22.52 | F94: 0.55 | G94: 47 | H94: -1 | I94: 1 | J94: 38.93 | K94: 1639.35 | L94: 0.02
A95: 25900 | B95: 10862 | C95: -61 | D95: 19767 | E95: 22.91 | F95: 0.5 | G95: 6 | H95: 0 | I95: 0 | K95: 1434.1 | L95: 0
A96: 25950 | B96: 1713 | C96: -564 | D96: 2242 | E96: 23.73 | F96: 0.55 | G96: 123 | H96: 0 | I96: 0 | J96: 48.17 | K96: 1991 | L96: 0.07
A97: 26000 | B97: 26688 | C97: -12648 | D97: 119635 | E97: 24.33 | F97: 0.55 | G97: 1311 | H97: -3 | I97: 75 | J97: 39.38 | K97: 1783.2 | L97: 0.05
A98: 26050 | B98: 1344 | C98: -55 | D98: 3420 | E98: 24.69 | F98: 0.5 | G98: 91 | H98: 0 | I98: 2 | J98: 43.12 | K98: 1840.8 | L98: 0.07
A99: 26100 | B99: 5311 | C99: 2651 | D99: 13398 | E99: 25.03 | F99: 0.45 | G99: 16 | H99: -11 | I99: 19 | J99: 43.43 | K99: 1889.1 | L99: 0
A100: 26150 | B100: 1122 | C100: 220 | D100: 8200 | E100: 25.33 | F100: 0.4 | G100: 10 | H100: -15 | I100: 17 | J100: 44.27 | K100: 1938.95 | L100: 0.01
A101: 26200 | B101: 3388 | C101: 90 | D101: 9510 | E101: 25.91 | F101: 0.4 | G101: 0 | H101: 0 | I101: 0 | L101: 0
A102: 26250 | B102: 2750 | C102: 491 | D102: 6649 | E102: 26.48 | F102: 0.4 | G102: 0 | H102: 0 | I102: 0 | L102: 0
A103: 26300 | B103: 22480 | C103: 3555 | D103: 37769 | E103: 27.05 | F103: 0.4 | G103: 8 | H103: 0 | I103: 0 | K103: 2229.25 | L103: 0

Sheet Max Pain
A1: NSE FAO — Max Pain Analysis (Aggregate OI Pain by Strike)
A2: Summary | B2: Jul 10 2026
A3: Max Pain Strike | B3: 24200
A4: ATM Strike | B4: 24200
A5: Aggregate OI PCR | B5: 1.2726
A6: Total Call OI | B6: 2191199
A7: Total Put OI | B7: 2788546
A10: Per-Strike Pain Values by Date (lower = more likely to be Max Pain)
A11: Strike | B11: Jul 10 2026
A12: 21400 | B12: 5725388800
A13: 21450 | B13: 5588207950
A14: 21500 | B14: 5451114800
A15: 21550 | B15: 5315594550
A16: 21600 | B16: 5180149950
A17: 21650 | B17: 5044982400
A18: 21700 | B18: 4909881950
A19: 21750 | B19: 4775043900
A20: 21800 | B20: 4640256950
A21: 21850 | B21: 4506148450
A22: 21900 | B22: 4372122950
A23: 21950 | B23: 4238354450
... A110: 26300 | B110: 3507553900

Sheet OI Walls & Support
A1: NSE FAO — OI Walls: Call Resistance & Put Support (Top 10 Strikes)
A2: Jul 10 2026
A3: ⬆ CALL WALL (Resistance) | F3: ⬇ PUT WALL (Support)
A4: Strike | B4: Call OI | C4: Δ Call OI | D4: Call Vol | E4: % of Total Call OI | F4: Strike | G4: Put OI | H4: Δ Put OI | I4: Put Vol | J4: % of Total Put OI
A5: 24500 | B5: 216461 | C5: 6715 | D5: 3050915 | E5: 0.0988 | F5: 23000 | G5: 188373 | H5: 61076 | I5: 1006753 | J5: 0.0676
A6: 24200 | B6: 144699 | C6: 6689 | D6: 7567286 | E6: 0.066 | F6: 24000 | G6: 161957 | H6: 68949 | I6: 2872110 | J6: 0.0581
A7: 24300 | B7: 144630 | C7: 11664 | D7: 3822136 | E7: 0.066 | F7: 24200 | G7: 158389 | H7: 115617 | I7: 6379639 | J7: 0.0568
A8: 24700 | B8: 129877 | C8: 13240 | D8: 1035498 | E8: 0.0593 | F8: 23500 | G8: 153169 | H8: 26855 | I8: 1012131 | J8: 0.0549
A9: 25000 | B9: 120855 | C9: -12151 | D9: 1010370 | E9: 0.0552 | F9: 23800 | G9: 135685 | H9: 35681 | I9: 1528900 | J9: 0.0487
A10: 24600 | B10: 120077 | C10: 29718 | D10: 1387306 | E10: 0.0548 | F10: 24100 | G10: 122920 | H10: 81979 | I10: 3671401 | J10: 0.0441
A11: 24400 | B11: 99528 | C11: -2203 | D11: 2437591 | E11: 0.0454 | F11: 24150 | G11: 121695 | H11: 110035 | I11: 4539113 | J11: 0.0436
A12: 25500 | B12: 91074 | C12: -42636 | D12: 505190 | E12: 0.0416 | F12: 23700 | G12: 109100 | H12: 33298 | I12: 821102 | J12: 0.0391
A13: 24800 | B13: 88640 | C13: -92 | D13: 1151260 | E13: 0.0405 | F13: 22500 | G13: 108674 | H13: 13919 | I13: 550357 | J13: 0.039
A14: 24250 | B14: 86704 | C14: 25357 | D14: 3765898 | E14: 0.0396 | F14: 23600 | G14: 105077 | H14: -25629 | I14: 833726 | J14: 0.0377

Sheet IV Skew
A1: NSE FAO — Implied Volatility Skew by Strike
A2: Strike | B2: Jul 10 2026
B3: Call IV | C3: Put IV | D3: Put−Call Skew
A4: 21400 | C4: 42.32
A5: 21450 | C5: 42.34
A6: 21500 | C6: 41.38
A7: 21550 | C7: 40.65
A8: 21600 | C8: 40.36
A9: 21650 | C9: 39.63
A10: 21700 | C10: 39.1
A11: 21750 | C11: 38.55
A12: 21800 | C12: 37.81
A13: 21850 | C13: 37.07
A14: 21900 | B14: 52.41 | C14: 36.68 | D14: -15.73
A15: 21950 | C15: 36.1
A16: 22000 | C16: 35.66
A17: 22050 | C17: 35.05
A18: 22100 | C18: 33.71
A19: 22150 | C19: 33.54
A20: 22200 | C20: 32.79
A21: 22250 | C21: 32.17
A22: 22300 | B22: 47.99 | C22: 31.54 | D22: -16.45
A23: 22350 | C23: 30.9
A24: 22400 | C24: 30.14
A25: 22450 | C25: 29.6
A26: 22500 | C26: 28.61
A27: 22550 | C27: 27.85
A28: 22600 | C28: 27.4
A29: 22650 | B29: 51.33 | C29: 27 | D29: -24.33
A30: 22700 | C30: 26.04
A31: 22750 | C31: 25.44
A32: 22800 | C32: 25.06
A33: 22850 | C33: 24.49
A34: 22900 | C34: 23.69
A35: 22950 | C35: 22.96
A36: 23000 | C36: 22.34
A37: 23050 | C37: 21.59
A38: 23100 | C38: 21.01
A39: 23150 | C39: 20.39
A40: 23200 | C40: 19.7
A41: 23250 | C41: 19
... A53: 23850 | C53: 12.37
A54: 23900 | B54: 7.49 | C54: 11.87 | D54: 4.38
A55: 23950 | B55: 8.63 | C55: 11.48 | D55: 2.85
A56: 24000 | B56: 8.16 | C56: 11.12 | D56: 2.96
A57: 24050 | B57: 8.59 | C57: 10.81 | D57: 2.22
A58: 24100 | B58: 8.42 | C58: 10.51 | D58: 2.09
A59: 24150 | B59: 8.64 | C59: 10.32 | D59: 1.68
A60: 24200 | B60: 8.54 | C60: 10.28 | D60: 1.74
A61: 24250 | B61: 8.55 | C61: 10.15 | D61: 1.6
A62: 24300 | B62: 8.65 | C62: 10.32 | D62: 1.67
A63: 24350 | B63: 8.65 | C63: 10.46 | D63: 1.81
A64: 24400 | B64: 8.74 | C64: 11.04 | D64: 2.3
A65: 24450 | B65: 8.84 | C65: 11.22 | D65: 2.38
... A88: 25600 | B88: 19.64 | C88: 34.66 | D88: 15.02
A89: 25650 | B89: 20.26
A90: 25700 | B90: 21.05
A91: 25750 | B91: 21.5 | C91: 37.47 | D91: 15.97
A92: 25800 | B92: 22.11 | C92: 35.45 | D92: 13.34
A93: 25850 | B93: 22.52 | C93: 38.93 | D93: 16.41
A94: 25900 | B94: 22.91
A95: 25950 | B95: 23.73 | C95: 48.17 | D95: 24.44
A96: 26000 | B96: 24.33 | C96: 39.38 | D96: 15.05
A97: 26050 | B97: 24.69 | C97: 43.12 | D97: 18.43
A98: 26100 | B98: 25.03 | C98: 43.43 | D98: 18.4
A99: 26150 | B99: 25.33 | C99: 44.27 | D99: 18.94
A100: 26200 | B100: 25.91
A101: 26250 | B101: 26.48
A102: 26300 | B102: 27.05

Sheet Sentiment Summary
A1: NSE FAO — Composite Sentiment Summary
A2: Participant | B2: Signal | C2: Jul 06 2026 | D2: Jul 07 2026 | E2: Jul 08 2026 | F2: Jul 09 2026 | G2: Jul 10 2026 | H2: Latest Signal | I2: Interpretation
A3: Client
B4: Fut Index Net OI | C4: =IF('Raw OI Data'!C3-'Raw OI Data'!D3>0,"▲ Net Long","▼ Net Short") | D4: =IF('Raw OI Data'!C7-'Raw OI Data'!D7>0,"▲ Net Long","▼ Net Short") | E4: =IF('Raw OI Data'!C11-'Raw OI Data'!D11>0,"▲ Net Long","▼ Net Short") | F4: =IF('Raw OI Data'!C15-'Raw OI Data'!D15>0,"▲ Net Long","▼ Net Short") | G4: =IF('Raw OI Data'!C19-'Raw OI Data'!D19>0,"▲ Net Long","▼ Net Short") | H4: =G4
B5: Fut Stock Net OI | C5: =IF('Raw OI Data'!E3-'Raw OI Data'!F3>0,"▲ Net Long","▼ Net Short") | D5: =IF('Raw OI Data'!E7-'Raw OI Data'!F7>0,"▲ Net Long","▼ Net Short") | E5: =IF('Raw OI Data'!E11-'Raw OI Data'!F11>0,"▲ Net Long","▼ Net Short") | F5: =IF('Raw OI Data'!E15-'Raw OI Data'!F15>0,"▲ Net Long","▼ Net Short") | G5: =IF('Raw OI Data'!E19-'Raw OI Data'!F19>0,"▲ Net Long","▼ Net Short") | H5: =G5
B6: Index OI PCR | C6: =IFERROR('Raw OI Data'!H3/'Raw OI Data'!G3,0) | D6: =IFERROR('Raw OI Data'!H7/'Raw OI Data'!G7,0) | E6: =IFERROR('Raw OI Data'!H11/'Raw OI Data'!G11,0) | F6: =IFERROR('Raw OI Data'!H15/'Raw OI Data'!G15,0) | G6: =IFERROR('Raw OI Data'!H19/'Raw OI Data'!G19,0) | H6: =G6
B7: Total L/S Ratio | C7: =IFERROR('Raw OI Data'!O3/'Raw OI Data'!P3,0) | D7: =IFERROR('Raw OI Data'!O7/'Raw OI Data'!P7,0) | E7: =IFERROR('Raw OI Data'!O11/'Raw OI Data'!P11,0) | F7: =IFERROR('Raw OI Data'!O15/'Raw OI Data'!P15,0) | G7: =IFERROR('Raw OI Data'!O19/'Raw OI Data'!P19,0) | H7: =G7
B8: Composite Signal | C8: =IF(AND(('Raw OI Data'!C3-'Raw OI Data'!D3)>0,IFERROR('Raw OI Data'!H3/'Raw OI Data'!G3,1)<1,IFERROR('Raw OI Data'!O3/'Raw OI Data'!P3,1)>1),"🟢 Bullish",IF(AND(('Raw OI Data'!C3-'Raw OI Data'!D3)<0,IFERROR('Raw OI Data'!H3/'Raw OI Data'!G3,1)>1.5,IFERROR('Raw OI Data'!O3/'Raw OI Data'!P3,1)<1),"🔴 Bearish",IF(AND(('Raw OI Data'!C3-'Raw OI Data'!D3)<0,IFERROR('Raw OI Data'!H3/'Raw OI Data'!G3,1)>1.2),"🟠 Cautious",IF(AND(('Raw OI Data'!C3-'Raw OI Data'!D3)>0,IFERROR('Raw OI Data'!H3/'Raw OI Data'!G3,1)<0.8),"🟢 Bullish","🟡 Neutral")))) | D8: =IF(AND(('Raw OI Data'!C7-'Raw OI Data'!D7)>0,IFERROR('Raw OI Data'!H7/'Raw OI Data'!G7,1)<1,IFERROR('Raw OI Data'!O7/'Raw OI Data'!P7,1)>1),"🟢 Bullish",IF(AND(('Raw OI Data'!C7-'Raw OI Data'!D7)<0,IFERROR('Raw OI Data'!H7/'Raw OI Data'!G7,1)>1.5,IFERROR('Raw OI Data'!O7/'Raw OI Data'!P7,1)<1),"🔴 Bearish",IF(AND(('Raw OI Data'!C7-'Raw OI Data'!D7)<0,IFERROR('Raw OI Data'!H7/'Raw OI Data'!G7,1)>1.2),"🟠 Cautious",IF(AND(('Raw OI Data'!C7-'Raw OI Data'!D7)>0,IFERROR('Raw OI Data'!H7/'Raw OI Data'!G7,1)<0.8),"🟢 Bullish","🟡 Neutral")))) | E8: =IF(AND(('Raw OI Data'!C11-'Raw OI Data'!D11)>0,IFERROR('Raw OI Data'!H11/'Raw OI Data'!G11,1)<1,IFERROR('Raw OI Data'!O11/'Raw OI Data'!P11,1)>1),"🟢 Bullish",IF(AND(('Raw OI Data'!C11-'Raw OI Data'!D11)<0,IFERROR('Raw OI Data'!H11/'Raw OI Data'!G11,1)>1.5,IFERROR('Raw OI Data'!O11/'Raw OI Data'!P11,1)<1),"🔴 Bearish",IF(AND(('Raw OI Data'!C11-'Raw OI Data'!D11)<0,IFERROR('Raw OI Data'!H11/'Raw OI Data'!G11,1)>1.2),"🟠 Cautious",IF(AND(('Raw OI Data'!C11-'Raw OI Data'!D11)>0,IFERROR('Raw OI Data'!H11/'Raw OI Data'!G11,1)<0.8),"🟢 Bullish","🟡 Neutral")))) | F8: =IF(AND(('Raw OI Data'!C15-'Raw OI Data'!D15)>0,IFERROR('Raw OI Data'!H15/'Raw OI Data'!G15,1)<1,IFERROR('Raw OI Data'!O15/'Raw OI Data'!P15,1)>1),"🟢 Bullish",IF(AND(('Raw OI Data'!C15-'Raw OI Data'!D15)<0,IFERROR('Raw OI Data'!H15/'Raw OI Data'!G15,1)>1.5,IFERROR('Raw OI Data'!O15/'Raw OI Data'!P15,1)<1),"🔴 Bearish",IF(AND(('Raw OI Data'!C15-'Raw OI Data'!D15)<0,IFERROR('Raw OI Data'!H15/'Raw OI Data'!G15,1)>1.2),"🟠 Cautious",IF(AND(('Raw OI Data'!C15-'Raw OI Data'!D15)>0,IFERROR('Raw OI Data'!H15/'Raw OI Data'!G15,1)<0.8),"🟢 Bullish","🟡 Neutral")))) | G8: =IF(AND(('Raw OI Data'!C19-'Raw OI Data'!D19)>0,IFERROR('Raw OI Data'!H19/'Raw OI Data'!G19,1)<1,IFERROR('Raw OI Data'!O19/'Raw OI Data'!P19,1)>1),"🟢 Bullish",IF(AND(('Raw OI Data'!C19-'Raw OI Data'!D19)<0,IFERROR('Raw OI Data'!H19/'Raw OI Data'!G19,1)>1.5,IFERROR('Raw OI Data'!O19/'Raw OI Data'!P19,1)<1),"🔴 Bearish",IF(AND(('Raw OI Data'!C19-'Raw OI Data'!D19)<0,IFERROR('Raw OI Data'!H19/'Raw OI Data'!G19,1)>1.2),"🟠 Cautious",IF(AND(('Raw OI Data'!C19-'Raw OI Data'!D19)>0,IFERROR('Raw OI Data'!H19/'Raw OI Data'!G19,1)<0.8),"🟢 Bullish","🟡 Neutral")))) | H8: =G8 | I8: Retail — usually contra-indicator; track when extreme
A9: DII
B10: Fut Index Net OI | C10: =IF('Raw OI Data'!C4-'Raw OI Data'!D4>0,"▲ Net Long","▼ Net Short") | D10: =IF('Raw OI Data'!C8-'Raw OI Data'!D8>0,"▲ Net Long","▼ Net Short") | E10: =IF('Raw OI Data'!C12-'Raw OI Data'!D12>0,"▲ Net Long","▼ Net Short") | F10: =IF('Raw OI Data'!C16-'Raw OI Data'!D16>0,"▲ Net Long","▼ Net Short") | G10: =IF('Raw OI Data'!C20-'Raw OI Data'!D20>0,"▲ Net Long","▼ Net Short") | H10: =G10
B11: Fut Stock Net OI | C11: =IF('Raw OI Data'!E4-'Raw OI Data'!F4>0,"▲ Net Long","▼ Net Short") | D11: =IF('Raw OI Data'!E8-'Raw OI Data'!F8>0,"▲ Net Long","▼ Net Short") | E11: =IF('Raw OI Data'!E12-'Raw OI Data'!F12>0,"▲ Net Long","▼ Net Short") | F11: =IF('Raw OI Data'!E16-'Raw OI Data'!F16>0,"▲ Net Long","▼ Net Short") | G11: =IF('Raw OI Data'!E20-'Raw OI Data'!F20>0,"▲ Net Long","▼ Net Short") | H11: =G11
B12: Index OI PCR | C12: =IFERROR('Raw OI Data'!H4/'Raw OI Data'!G4,0) | D12: =IFERROR('Raw OI Data'!H8/'Raw OI Data'!G8,0) | E12: =IFERROR('Raw OI Data'!H12/'Raw OI Data'!G12,0) | F12: =IFERROR('Raw OI Data'!H16/'Raw OI Data'!G16,0) | G12: =IFERROR('Raw OI Data'!H20/'Raw OI Data'!G20,0) | H12: =G12
B13: Total L/S Ratio | C13: =IFERROR('Raw OI Data'!O4/'Raw OI Data'!P4,0) | D13: =IFERROR('Raw OI Data'!O8/'Raw OI Data'!P8,0) | E13: =IFERROR('Raw OI Data'!O12/'Raw OI Data'!P12,0) | F13: =IFERROR('Raw OI Data'!O16/'Raw OI Data'!P16,0) | G13: =IFERROR('Raw OI Data'!O20/'Raw OI Data'!P20,0) | H13: =G13
B14: Composite Signal | C14: =IF(AND(('Raw OI Data'!C4-'Raw OI Data'!D4)>0,IFERROR('Raw OI Data'!H4/'Raw OI Data'!G4,1)<1,IFERROR('Raw OI Data'!O4/'Raw OI Data'!P4,1)>1),"🟢 Bullish",IF(AND(('Raw OI Data'!C4-'Raw OI Data'!D4)<0,IFERROR('Raw OI Data'!H4/'Raw OI Data'!G4,1)>1.5,IFERROR('Raw OI Data'!O4/'Raw OI Data'!P4,1)<1),"🔴 Bearish",IF(AND(('Raw OI Data'!C4-'Raw OI Data'!D4)<0,IFERROR('Raw OI Data'!H4/'Raw OI Data'!G4,1)>1.2),"🟠 Cautious",IF(AND(('Raw OI Data'!C4-'Raw OI Data'!D4)>0,IFERROR('Raw OI Data'!H4/'Raw OI Data'!G4,1)<0.8),"🟢 Bullish","🟡 Neutral")))) | D14: =IF(AND(('Raw OI Data'!C8-'Raw OI Data'!D8)>0,IFERROR('Raw OI Data'!H8/'Raw OI Data'!G8,1)<1,IFERROR('Raw OI Data'!O8/'Raw OI Data'!P8,1)>1),"🟢 Bullish",IF(AND(('Raw OI Data'!C8-'Raw OI Data'!D8)<0,IFERROR('Raw OI Data'!H8/'Raw OI Data'!G8,1)>1.5,IFERROR('Raw OI Data'!O8/'Raw OI Data'!P8,1)<1),"🔴 Bearish",IF(AND(('Raw OI Data'!C8-'Raw OI Data'!D8)<0,IFERROR('Raw OI Data'!H8/'Raw OI Data'!G8,1)>1.2),"🟠 Cautious",IF(AND(('Raw OI Data'!C8-'Raw OI Data'!D8)>0,IFERROR('Raw OI Data'!H8/'Raw OI Data'!G8,1)<0.8),"🟢 Bullish","🟡 Neutral")))) | E14: =IF(AND(('Raw OI Data'!C12-'Raw OI Data'!D12)>0,IFERROR('Raw OI Data'!H12/'Raw OI Data'!G12,1)<1,IFERROR('Raw OI Data'!O12/'Raw OI Data'!P12,1)>1),"🟢 Bullish",IF(AND(('Raw OI Data'!C12-'Raw OI Data'!D12)<0,IFERROR('Raw OI Data'!H12/'Raw OI Data'!G12,1)>1.5,IFERROR('Raw OI Data'!O12/'Raw OI Data'!P12,1)<1),"🔴 Bearish",IF(AND(('Raw OI Data'!C12-'Raw OI Data'!D12)<0,IFERROR('Raw OI Data'!H12/'Raw OI Data'!G12,1)>1.2),"🟠 Cautious",IF(AND(('Raw OI Data'!C12-'Raw OI Data'!D12)>0,IFERROR('Raw OI Data'!H12/'Raw OI Data'!G12,1)<0.8),"🟢 Bullish","🟡 Neutral")))) | F14: =IF(AND(('Raw OI Data'!C16-'Raw OI Data'!D16)>0,IFERROR('Raw OI Data'!H16/'Raw OI Data'!G16,1)<1,IFERROR('Raw OI Data'!O16/'Raw OI Data'!P16,1)>1),"🟢 Bullish",IF(AND(('Raw OI Data'!C16-'Raw OI Data'!D16)<0,IFERROR('Raw OI Data'!H16/'Raw OI Data'!G16,1)>1.5,IFERROR('Raw OI Data'!O16/'Raw OI Data'!P16,1)<1),"🔴 Bearish",IF(AND(('Raw OI Data'!C16-'Raw OI Data'!D16)<0,IFERROR('Raw OI Data'!H16/'Raw OI Data'!G16,1)>1.2),"🟠 Cautious",IF(AND(('Raw OI Data'!C16-'Raw OI Data'!D16)>0,IFERROR('Raw OI Data'!H16/'Raw OI Data'!G16,1)<0.8),"🟢 Bullish","🟡 Neutral")))) | G14: =IF(AND(('Raw OI Data'!C20-'Raw OI Data'!D20)>0,IFERROR('Raw OI Data'!H20/'Raw OI Data'!G20,1)<1,IFERROR('Raw OI Data'!O20/'Raw OI Data'!P20,1)>1),"🟢 Bullish",IF(AND(('Raw OI Data'!C20-'Raw OI Data'!D20)<0,IFERROR('Raw OI Data'!H20/'Raw OI Data'!G20,1)>1.5,IFERROR('Raw OI Data'!O20/'Raw OI Data'!P20,1)<1),"🔴 Bearish",IF(AND(('Raw OI Data'!C20-'Raw OI Data'!D20)<0,IFERROR('Raw OI Data'!H20/'Raw OI Data'!G20,1)>1.2),"🟠 Cautious",IF(AND(('Raw OI Data'!C20-'Raw OI Data'!D20)>0,IFERROR('Raw OI Data'!H20/'Raw OI Data'!G20,1)<0.8),"🟢 Bullish","🟡 Neutral")))) | H14: =G14 | I14: Domestic Institutions — typically hedged; PCR key
A15: FII
B16: Fut Index Net OI | C16: =IF('Raw OI Data'!C5-'Raw OI Data'!D5>0,"▲ Net Long","▼ Net Short") | D16: =IF('Raw OI Data'!C9-'Raw OI Data'!D9>0,"▲ Net Long","▼ Net Short") | E16: =IF('Raw OI Data'!C13-'Raw OI Data'!D13>0,"▲ Net Long","▼ Net Short") | F16: =IF('Raw OI Data'!C17-'Raw OI Data'!D17>0,"▲ Net Long","▼ Net Short") | G16: =IF('Raw OI Data'!C21-'Raw OI Data'!D21>0,"▲ Net Long","▼ Net Short") | H16: =G16
B17: Fut Stock Net OI | C17: =IF('Raw OI Data'!E5-'Raw OI Data'!F5>0,"▲ Net Long","▼ Net Short") | D17: =IF('Raw OI Data'!E9-'Raw OI Data'!F9>0,"▲ Net Long","▼ Net Short") | E17: =IF('Raw OI Data'!E13-'Raw OI Data'!F13>0,"▲ Net Long","▼ Net Short") | F17: =IF('Raw OI Data'!E17-'Raw OI Data'!F17>0,"▲ Net Long","▼ Net Short") | G17: =IF('Raw OI Data'!E21-'Raw OI Data'!F21>0,"▲ Net Long","▼ Net Short") | H17: =G17
B18: Index OI PCR | C18: =IFERROR('Raw OI Data'!H5/'Raw OI Data'!G5,0) | D18: =IFERROR('Raw OI Data'!H9/'Raw OI Data'!G9,0) | E18: =IFERROR('Raw OI Data'!H13/'Raw OI Data'!G13,0) | F18: =IFERROR('Raw OI Data'!H17/'Raw OI Data'!G17,0) | G18: =IFERROR('Raw OI Data'!H21/'Raw OI Data'!G21,0) | H18: =G18
B19: Total L/S Ratio | C19: =IFERROR('Raw OI Data'!O5/'Raw OI Data'!P5,0) | D19: =IFERROR('Raw OI Data'!O9/'Raw OI Data'!P9,0) | E19: =IFERROR('Raw OI Data'!O13/'Raw OI Data'!P13,0) | F19: =IFERROR('Raw OI Data'!O17/'Raw OI Data'!P17,0) | G19: =IFERROR('Raw OI Data'!O21/'Raw OI Data'!P21,0) | H19: =G19
B20: Composite Signal | C20: =IF(AND(('Raw OI Data'!C5-'Raw OI Data'!D5)>0,IFERROR('Raw OI Data'!H5/'Raw OI Data'!G5,1)<1,IFERROR('Raw OI Data'!O5/'Raw OI Data'!P5,1)>1),"🟢 Bullish",IF(AND(('Raw OI Data'!C5-'Raw OI Data'!D5)<0,IFERROR('Raw OI Data'!H5/'Raw OI Data'!G5,1)>1.5,IFERROR('Raw OI Data'!O5/'Raw OI Data'!P5,1)<1),"🔴 Bearish",IF(AND(('Raw OI Data'!C5-'Raw OI Data'!D5)<0,IFERROR('Raw OI Data'!H5/'Raw OI Data'!G5,1)>1.2),"🟠 Cautious",IF(AND(('Raw OI Data'!C5-'Raw OI Data'!D5)>0,IFERROR('Raw OI Data'!H5/'Raw OI Data'!G5,1)<0.8),"🟢 Bullish","🟡 Neutral")))) | D20: =IF(AND(('Raw OI Data'!C9-'Raw OI Data'!D9)>0,IFERROR('Raw OI Data'!H9/'Raw OI Data'!G9,1)<1,IFERROR('Raw OI Data'!O9/'Raw OI Data'!P9,1)>1),"🟢 Bullish",IF(AND(('Raw OI Data'!C9-'Raw OI Data'!D9)<0,IFERROR('Raw OI Data'!H9/'Raw OI Data'!G9,1)>1.5,IFERROR('Raw OI Data'!O9/'Raw OI Data'!P9,1)<1),"🔴 Bearish",IF(AND(('Raw OI Data'!C9-'Raw OI Data'!D9)<0,IFERROR('Raw OI Data'!H9/'Raw OI Data'!G9,1)>1.2),"🟠 Cautious",IF(AND(('Raw OI Data'!C9-'Raw OI Data'!D9)>0,IFERROR('Raw OI Data'!H9/'Raw OI Data'!G9,1)<0.8),"🟢 Bullish","🟡 Neutral")))) | E20: =IF(AND(('Raw OI Data'!C13-'Raw OI Data'!D13)>0,IFERROR('Raw OI Data'!H13/'Raw OI Data'!G13,1)<1,IFERROR('Raw OI Data'!O13/'Raw OI Data'!P13,1)>1),"🟢 Bullish",IF(AND(('Raw OI Data'!C13-'Raw OI Data'!D13)<0,IFERROR('Raw OI Data'!H13/'Raw OI Data'!G13,1)>1.5,IFERROR('Raw OI Data'!O13/'Raw OI Data'!P13,1)<1),"🔴 Bearish",IF(AND(('Raw OI Data'!C13-'Raw OI Data'!D13)<0,IFERROR('Raw OI Data'!H13/'Raw OI Data'!G13,1)>1.2),"🟠 Cautious",IF(AND(('Raw OI Data'!C13-'Raw OI Data'!D13)>0,IFERROR('Raw OI Data'!H13/'Raw OI Data'!G13,1)<0.8),"🟢 Bullish","🟡 Neutral")))) | F20: =IF(AND(('Raw OI Data'!C17-'Raw OI Data'!D17)>0,IFERROR('Raw OI Data'!H17/'Raw OI Data'!G17,1)<1,IFERROR('Raw OI Data'!O17/'Raw OI Data'!P17,1)>1),"🟢 Bullish",IF(AND(('Raw OI Data'!C17-'Raw OI Data'!D17)<0,IFERROR('Raw OI Data'!H17/'Raw OI Data'!G17,1)>1.5,IFERROR('Raw OI Data'!O17/'Raw OI Data'!P17,1)<1),"🔴 Bearish",IF(AND(('Raw OI Data'!C17-'Raw OI Data'!D17)<0,IFERROR('Raw OI Data'!H17/'Raw OI Data'!G17,1)>1.2),"🟠 Cautious",IF(AND(('Raw OI Data'!C17-'Raw OI Data'!D17)>0,IFERROR('Raw OI Data'!H17/'Raw OI Data'!G17,1)<0.8),"🟢 Bullish","🟡 Neutral")))) | G20: =IF(AND(('Raw OI Data'!C21-'Raw OI Data'!D21)>0,IFERROR('Raw OI Data'!H21/'Raw OI Data'!G21,1)<1,IFERROR('Raw OI Data'!O21/'Raw OI Data'!P21,1)>1),"🟢 Bullish",IF(AND(('Raw OI Data'!C21-'Raw OI Data'!D21)<0,IFERROR('Raw OI Data'!H21/'Raw OI Data'!G21,1)>1.5,IFERROR('Raw OI Data'!O21/'Raw OI Data'!P21,1)<1),"🔴 Bearish",IF(AND(('Raw OI Data'!C21-'Raw OI Data'!D21)<0,IFERROR('Raw OI Data'!H21/'Raw OI Data'!G21,1)>1.2),"🟠 Cautious",IF(AND(('Raw OI Data'!C21-'Raw OI Data'!D21)>0,IFERROR('Raw OI Data'!H21/'Raw OI Data'!G21,1)<0.8),"🟢 Bullish","🟡 Neutral")))) | H20: =G20 | I20: Foreign Institutions — directional alpha signal
A21: Pro
B22: Fut Index Net OI | C22: =IF('Raw OI Data'!C6-'Raw OI Data'!D6>0,"▲ Net Long","▼ Net Short") | D22: =IF('Raw OI Data'!C10-'Raw OI Data'!D10>0,"▲ Net Long","▼ Net Short") | E22: =IF('Raw OI Data'!C14-'Raw OI Data'!D14>0,"▲ Net Long","▼ Net Short") | F22: =IF('Raw OI Data'!C18-'Raw OI Data'!D18>0,"▲ Net Long","▼ Net Short") | G22: =IF('Raw OI Data'!C22-'Raw OI Data'!D22>0,"▲ Net Long","▼ Net Short") | H22: =G22
B23: Fut Stock Net OI | C23: =IF('Raw OI Data'!E6-'Raw OI Data'!F6>0,"▲ Net Long","▼ Net Short") | D23: =IF('Raw OI Data'!E10-'Raw OI Data'!F10>0,"▲ Net Long","▼ Net Short") | E23: =IF('Raw OI Data'!E14-'Raw OI Data'!F14>0,"▲ Net Long","▼ Net Short") | F23: =IF('Raw OI Data'!E18-'Raw OI Data'!F18>0,"▲ Net Long","▼ Net Short") | G23: =IF('Raw OI Data'!E22-'Raw OI Data'!F22>0,"▲ Net Long","▼ Net Short") | H23: =G23
B24: Index OI PCR | C24: =IFERROR('Raw OI Data'!H6/'Raw OI Data'!G6,0) | D24: =IFERROR('Raw OI Data'!H10/'Raw OI Data'!G10,0) | E24: =IFERROR('Raw OI Data'!H14/'Raw OI Data'!G14,0) | F24: =IFERROR('Raw OI Data'!H18/'Raw OI Data'!G18,0) | G24: =IFERROR('Raw OI Data'!H22/'Raw OI Data'!G22,0) | H24: =G24
B25: Total L/S Ratio | C25: =IFERROR('Raw OI Data'!O6/'Raw OI Data'!P6,0) | D25: =IFERROR('Raw OI Data'!O10/'Raw OI Data'!P10,0) | E25: =IFERROR('Raw OI Data'!O14/'Raw OI Data'!P14,0) | F25: =IFERROR('Raw OI Data'!O18/'Raw OI Data'!P18,0) | G25: =IFERROR('Raw OI Data'!O22/'Raw OI Data'!P22,0) | H25: =G25
B26: Composite Signal | C26: =IF(AND(('Raw OI Data'!C6-'Raw OI Data'!D6)>0,IFERROR('Raw OI Data'!H6/'Raw OI Data'!G6,1)<1,IFERROR('Raw OI Data'!O6/'Raw OI Data'!P6,1)>1),"🟢 Bullish",IF(AND(('Raw OI Data'!C6-'Raw OI Data'!D6)<0,IFERROR('Raw OI Data'!H6/'Raw OI Data'!G6,1)>1.5,IFERROR('Raw OI Data'!O6/'Raw OI Data'!P6,1)<1),"🔴 Bearish",IF(AND(('Raw OI Data'!C6-'Raw OI Data'!D6)<0,IFERROR('Raw OI Data'!H6/'Raw OI Data'!G6,1)>1.2),"🟠 Cautious",IF(AND(('Raw OI Data'!C6-'Raw OI Data'!D6)>0,IFERROR('Raw OI Data'!H6/'Raw OI Data'!G6,1)<0.8),"🟢 Bullish","🟡 Neutral")))) | D26: =IF(AND(('Raw OI Data'!C10-'Raw OI Data'!D10)>0,IFERROR('Raw OI Data'!H10/'Raw OI Data'!G10,1)<1,IFERROR('Raw OI Data'!O10/'Raw OI Data'!P10,1)>1),"🟢 Bullish",IF(AND(('Raw OI Data'!C10-'Raw OI Data'!D10)<0,IFERROR('Raw OI Data'!H10/'Raw OI Data'!G10,1)>1.5,IFERROR('Raw OI Data'!O10/'Raw OI Data'!P10,1)<1),"🔴 Bearish",IF(AND(('Raw OI Data'!C10-'Raw OI Data'!D10)<0,IFERROR('Raw OI Data'!H10/'Raw OI Data'!G10,1)>1.2),"🟠 Cautious",IF(AND(('Raw OI Data'!C10-'Raw OI Data'!D10)>0,IFERROR('Raw OI Data'!H10/'Raw OI Data'!G10,1)<0.8),"🟢 Bullish","🟡 Neutral")))) | E26: =IF(AND(('Raw OI Data'!C14-'Raw OI Data'!D14)>0,IFERROR('Raw OI Data'!H14/'Raw OI Data'!G14,1)<1,IFERROR('Raw OI Data'!O14/'Raw OI Data'!P14,1)>1),"🟢 Bullish",IF(AND(('Raw OI Data'!C14-'Raw OI Data'!D14)<0,IFERROR('Raw OI Data'!H14/'Raw OI Data'!G14,1)>1.5,IFERROR('Raw OI Data'!O14/'Raw OI Data'!P14,1)<1),"🔴 Bearish",IF(AND(('Raw OI Data'!C14-'Raw OI Data'!D14)<0,IFERROR('Raw OI Data'!H14/'Raw OI Data'!G14,1)>1.2),"🟠 Cautious",IF(AND(('Raw OI Data'!C14-'Raw OI Data'!D14)>0,IFERROR('Raw OI Data'!H14/'Raw OI Data'!G14,1)<0.8),"🟢 Bullish","🟡 Neutral")))) | F26: =IF(AND(('Raw OI Data'!C18-'Raw OI Data'!D18)>0,IFERROR('Raw OI Data'!H18/'Raw OI Data'!G18,1)<1,IFERROR('Raw OI Data'!O18/'Raw OI Data'!P18,1)>1),"🟢 Bullish",IF(AND(('Raw OI Data'!C18-'Raw OI Data'!D18)<0,IFERROR('Raw OI Data'!H18/'Raw OI Data'!G18,1)>1.5,IFERROR('Raw OI Data'!O18/'Raw OI Data'!P18,1)<1),"🔴 Bearish",IF(AND(('Raw OI Data'!C18-'Raw OI Data'!D18)<0,IFERROR('Raw OI Data'!H18/'Raw OI Data'!G18,1)>1.2),"🟠 Cautious",IF(AND(('Raw OI Data'!C18-'Raw OI Data'!D18)>0,IFERROR('Raw OI Data'!H18/'Raw OI Data'!G18,1)<0.8),"🟢 Bullish","🟡 Neutral")))) | G26: =IF(AND(('Raw OI Data'!C22-'Raw OI Data'!D22)>0,IFERROR('Raw OI Data'!H22/'Raw OI Data'!G22,1)<1,IFERROR('Raw OI Data'!O22/'Raw OI Data'!P22,1)>1),"🟢 Bullish",IF(AND(('Raw OI Data'!C22-'Raw OI Data'!D22)<0,IFERROR('Raw OI Data'!H22/'Raw OI Data'!G22,1)>1.5,IFERROR('Raw OI Data'!O22/'Raw OI Data'!P22,1)<1),"🔴 Bearish",IF(AND(('Raw OI Data'!C22-'Raw OI Data'!D22)<0,IFERROR('Raw OI Data'!H22/'Raw OI Data'!G22,1)>1.2),"🟠 Cautious",IF(AND(('Raw OI Data'!C22-'Raw OI Data'!D22)>0,IFERROR('Raw OI Data'!H22/'Raw OI Data'!G22,1)<0.8),"🟢 Bullish","🟡 Neutral")))) | H26: =G26 | I26: Proprietary desks — fast money; mean-reverting
A27: CHAIN-LEVEL SIGNALS (Market-wide, all participants)
B28: Max Pain Strike | G28: 24200 | H28: 24200
B29: ATM Strike | G29: 24200 | H29: 24200
B30: Aggregate OI PCR | G30: 1.2726 | H30: 1.2726
B31: Aggregate Volume PCR | G31: 0.9406 | H31: 0.9406
